Número Documento;Fecha;Tipo;Número Registro;Nombre Comercial;Cantidad;Unidad;Peso;Valor;Modalidad;Importador;Exportador;Pais Origen;Pais Destino;Puerto Ingreso;Componente IAGT
8077519;9/1/2025 7:45;Fertilizantes;4701;SPRAYCOL -EM;2040;LITROS;2040;3300;Exportación;Colono Agropecuario S.A (Honduras);DISTRIBUIDORA INQUISA SOCIEDAD ANONIMA;COSTA RICA;HONDURAS;ADUANA DE PEÑAS BLANCAS;Azufre expresado (S) / Potasio expresado (K2O) /
8077549;13/1/2025 15:09;Fertilizantes;8046;Colonofertil Urea Granular;29250;KILOGRAMOS;29250;16263;Exportación;El Colono Agropecuario S.A. ( Panama);El Colono Agropecuario S.A;TRINIDAD Y TOBAGO;PANAMÁ;ADUANA DE PASO CANOAS;Nitrógeno Total expresado (N) /
8077551;14/1/2025 11:13;Fertilizantes;7574;COLONOFERTIL 15-3-31;29250;KILOGRAMOS;29250;13975;Exportación;EL COLONO AGROPECUARIO (PANAMA);El Colono Agropecuario S.A;COSTA RICA;PANAMÁ;PUESTO SIXAOLA;Fósforo expresado (P2O5) / Nitrógeno Total expresado (N) / Potasio expresado (K2O) /
8077552;14/1/2025 12:13;Fertilizantes;7574;COLONOFERTIL 15-3-31;29250;KILOGRAMOS;29250;13975;Exportación;EL COLONO AGROPECUARIO (PANAMA);El Colono Agropecuario S.A;COSTA RICA;PANAMÁ;PUESTO SIXAOLA;Fósforo expresado (P2O5) / Nitrógeno Total expresado (N) / Potasio expresado (K2O) /
8077553;14/1/2025 12:21;Fertilizantes;7574;COLONOFERTIL 15-3-31;29250;KILOGRAMOS;29250;13975;Exportación;EL COLONO AGROPECUARIO (PANAMA);El Colono Agropecuario S.A;COSTA RICA;PANAMÁ;PUESTO SIXAOLA;Fósforo expresado (P2O5) / Nitrógeno Total expresado (N) / Potasio expresado (K2O) /
8077555;15/1/2025 10:56;Fertilizantes;7574;COLONOFERTIL 15-3-31;29250;KILOGRAMOS;29250;13975;Exportación;EL COLONO AGROPECUARIO (PANAMA);El Colono Agropecuario SA;COSTA RICA;PANAMÁ;PUESTO SIXAOLA;Fósforo expresado (P2O5) / Nitrógeno Total expresado (N) / Potasio expresado (K2O) /
8077556;15/1/2025 11:18;Fertilizantes;7574;COLONOFERTIL 15-3-31;29250;KILOGRAMOS;29250;13975;Exportación;EL COLONO AGROPECUARIO (PANAMA);El Colono Agropecuario SA;COSTA RICA;PANAMÁ;PUESTO SIXAOLA;Fósforo expresado (P2O5) / Nitrógeno Total expresado (N) / Potasio expresado (K2O) /
8077557;15/1/2025 11:27;Fertilizantes;7574;COLONOFERTIL 15-3-31;29250;KILOGRAMOS;29250;13975;Exportación;EL COLONO AGROPECUARIO (PANAMA);El Colono Agropecuario SA;COSTA RICA;PANAMÁ;PUESTO SIXAOLA;Fósforo expresado (P2O5) / Nitrógeno Total expresado (N) / Potasio expresado (K2O) /
8084494;2/1/2025 14:51;Fertilizantes;10684;COLONO FERTIL ACIDO CITRICO 25KG;3023;KILOGRAMOS;3023;2736;Exportación;EL COLONO AGROPECUARIO S.A.(PANAMA) / EL COLONO AGROPECUARIO S.A. (PANAMA);El Colono Agropecuario SA;CHINA;PANAMÁ;ADUANA DE PASO CANOAS;Ácido Cítrico /
8084500;6/1/2025 9:04;Fertilizantes;1903;Inquifol 12-60-0 Fertilizante Agricola;15000;KILOGRAMOS;15000;15000;Exportación;EL COLONO AGROPECUARIO S.A;DISTRIBUIDORA INQUISA SOCIEDAD ANONIMA;COSTA RICA;PANAMÁ;ADUANA DE PASO CANOAS;Fósforo expresado (P2O5) / Nitrógeno Total expresado (N) /
8084501;6/1/2025 10:54;Fertilizantes;7576;Colono Fertil 12-24-12 Reg Panama #8241, Reg CR #7576;29250;KILOGRAMOS;29250;14950;Exportación;EL COLONO AGROPECUARIO S.A.(PANAMA) / EL COLONO AGROPECUARIO S.A. (PANAMA);El Colono Agropecuario SA;COSTA RICA;PANAMÁ;ADUANA DE PASO CANOAS;Fósforo expresado (P2O5) / Nitrógeno Total expresado (N) / Potasio expresado (K2O) /
8085898;9/1/2025 16:03;Fertilizantes;5299;FERTILIZANTE PLANTOX 1000;3072;KILOGRAMOS;3072;14161,92;Exportación;HUMBERTO ALEJANDROCRUZ QUEZADA. ( AGROFORESTA);SERACSA COMERCIAL SOCIEDAD ANONIMA;COSTA RICA;GUATEMALA;ADUANA DE PEÑAS BLANCAS;Ácido Fúlvico / Ácidos Húmicos / Azufre expresado (S) / Boro expresado (B) / Manganeso expresado (Mn) / Molibdeno expresado (Mo) / Zinc expresado (Zn) / Algas (Ascophyllum nodosum) /
8085898;9/1/2025 16:03;Fertilizantes;4971;FERTILIZANTE PHYTOCROP;884;KILOGRAMOS;884;5009,2;Exportación;HUMBERTO ALEJANDROCRUZ QUEZADA. ( AGROFORESTA);SERACSA COMERCIAL SOCIEDAD ANONIMA;COSTA RICA;GUATEMALA;ADUANA DE PEÑAS BLANCAS;Fósforo expresado (P2O5) / Nitrógeno Total expresado (N) / Potasio expresado (K2O) /
8085898;9/1/2025 16:03;Fertilizantes;2834;FERTILIZANTE TRIFLAX;500;KILOGRAMOS;500;2211;Exportación;HUMBERTO ALEJANDROCRUZ QUEZADA. ( AGROFORESTA);SERACSA COMERCIAL SOCIEDAD ANONIMA;COSTA RICA;GUATEMALA;ADUANA DE PEÑAS BLANCAS;Aminoácidos / Bioactivador / Boro expresado (B) / Fósforo expresado (P2O5) / Nitrógeno Total expresado (N) / Potasio expresado (K2O) /
8085898;9/1/2025 16:03;Fertilizantes;2832;FERTILIZANTE FOLIVEEX ZINC BORO;255;KILOGRAMOS;255;826,2;Exportación;HUMBERTO ALEJANDROCRUZ QUEZADA. ( AGROFORESTA);SERACSA COMERCIAL SOCIEDAD ANONIMA;COSTA RICA;GUATEMALA;ADUANA DE PEÑAS BLANCAS;Ácido Fúlvico / Azufre expresado (S) / Boro expresado (B) / Zinc expresado (Zn) /
8085898;9/1/2025 16:03;Fertilizantes;6058;FERTILIZANTE FULMIC COBRE;312;LITROS;312;1605,6;Exportación;HUMBERTO ALEJANDROCRUZ QUEZADA. ( AGROFORESTA);SERACSA COMERCIAL SOCIEDAD ANONIMA;COSTA RICA;GUATEMALA;ADUANA DE PEÑAS BLANCAS;Cobre expresado (Cu) / Fósforo expresado (P2O5) /
8085898;9/1/2025 16:03;Fertilizantes;7952;FERTILIZANTE ACICAL 100;900;LITROS;900;3420;Exportación;HUMBERTO ALEJANDROCRUZ QUEZADA. ( AGROFORESTA);SERACSA COMERCIAL SOCIEDAD ANONIMA;COSTA RICA;GUATEMALA;ADUANA DE PEÑAS BLANCAS;Calcio expresado (CaO) / Nitrógeno Total expresado (N) /
8085929;22/1/2025 9:38;Fertilizantes;2834;FERTILIZANTE TRIFLAX;610;KILOGRAMOS;610;2825,9;Exportación;EL RANCHERITO S.A.;SERACSA COMERCIAL SOCIEDAD ANONIMA;COSTA RICA;PANAMÁ;ADUANA DE PASO CANOAS;Aminoácidos / Bioactivador / Boro expresado (B) / Fósforo expresado (P2O5) / Nitrógeno Total expresado (N) / Potasio expresado (K2O) /
8085929;22/1/2025 9:38;Fertilizantes;2442;FERTILIZANTE FOLIV POLISACARIDOS;360;KILOGRAMOS;360;1609,2;Exportación;EL RANCHERITO S.A.;SERACSA COMERCIAL SOCIEDAD ANONIMA;COSTA RICA;PANAMÁ;ADUANA DE PASO CANOAS;Ácido Fúlvico / Aminoácidos / Boro expresado (B) / Nitrógeno Total expresado (N) / Polisacáridos / Potasio expresado (K2O) / Vitamina B /
8085929;22/1/2025 9:38;Fertilizantes;5299;FERTILIZANTE PLANTOX 1000;850;KILOGRAMOS;850;3607,5;Exportación;EL RANCHERITO S.A.;SERACSA COMERCIAL SOCIEDAD ANONIMA;COSTA RICA;PANAMÁ;ADUANA DE PASO CANOAS;Ácido Fúlvico / Ácidos Húmicos / Azufre expresado (S) / Boro expresado (B) / Manganeso expresado (Mn) / Molibdeno expresado (Mo) / Zinc expresado (Zn) / Algas (Ascophyllum nodosum) /
8085929;22/1/2025 9:38;Fertilizantes;2774;FERTILIZANTE FERTIPLANT NPK;2410;LITROS;2410;7403,72;Exportación;EL RANCHERITO S.A.;SERACSA COMERCIAL SOCIEDAD ANONIMA;COSTA RICA;PANAMÁ;ADUANA DE PASO CANOAS;Ácido Indolbutirico / Azufre expresado (S) / Boro expresado (B) / Calcio expresado (CaO) / Clorhidrato de Tiamina / Cobre expresado (Cu) / Fósforo expresado (P2O5) / Hierro expresado (Fe) / Magnesio expresado (MgO) / Manganeso expresado (Mn) / Molibdeno expresado (Mo) / Nitrógeno Total expresado (N) / Potasio expresado (K2O) / Zinc expresado (Zn) /
8085929;22/1/2025 9:38;Fertilizantes;2457;FERTILIZANTE FOLIV CALCIO / BORO;3000;LITROS;3000;10440;Exportación;EL RANCHERITO S.A.;SERACSA COMERCIAL SOCIEDAD ANONIMA;COSTA RICA;PANAMÁ;ADUANA DE PASO CANOAS;Aminoácidos / Boro expresado (B) / Calcio expresado (CaO) /
8095583;6/1/2025 15:48;Fertilizantes;1651;Fertica 12-24-12-3(S);27000;KILOGRAMOS;27000;18246;Exportación;PRODUCTOS AGROQUIMICOS DE CENTROAMERICA S.A.;FERTICA SA;COSTA RICA;PANAMÁ;ADUANA DE PASO CANOAS;Azufre expresado (S) / Fósforo expresado (P2O5) / Nitrógeno Total expresado (N) / Potasio expresado (K2O) /
8096135;8/1/2025 13:38;Fertilizantes;1651;Fertica 12-24-12-3(S);27000;KILOGRAMOS;27000;18246;Exportación;PRODUCTOS AGROQUIMICOS DE CENTROAMERICA S.A.;FERTICA SA;COSTA RICA;PANAMÁ;ADUANA DE PASO CANOAS;Azufre expresado (S) / Fósforo expresado (P2O5) / Nitrógeno Total expresado (N) / Potasio expresado (K2O) /
8096136;8/1/2025 13:43;Fertilizantes;1651;Fertica 12-24-12-3(S);27000;KILOGRAMOS;27000;18246;Exportación;PRODUCTOS AGROQUIMICOS DE CENTROAMERICA S.A.;FERTICA SA;COSTA RICA;PANAMÁ;ADUANA DE PASO CANOAS;Azufre expresado (S) / Fósforo expresado (P2O5) / Nitrógeno Total expresado (N) / Potasio expresado (K2O) /
8098262;15/1/2025 9:50;Fertilizantes;5680;Protecsol MV2 /// nutrientes-componentes: Alcohol Isotridecilico etoxilado , Calcio expresado (CaO), Carbonatos , Fósforo expresado (P2O5), Magnesio expresado (MgO), Potasio expresado (K2O), Silicio expresado (SiO2),;10000;KILOGRAMOS;10000;16000;Exportación;ECOTEC PANAMA SOCIEDAD ANONIMA;ENLACE AGROPECUARIO SOCIEDAD ANONIMA;GUATEMALA;PANAMÁ;ADUANA DE PASO CANOAS;Alcohol Isotridecilico etoxilado / Calcio expresado (CaO) / Carbonatos / Fósforo expresado (P2O5) / Magnesio expresado (MgO) / Potasio expresado (K2O) / Silicio expresado (SiO2) /
8098321;17/1/2025 13:00;Fertilizantes;5680;Protecsol WP /// nutrientes-componentes: Alcohol Isotridecilico etoxilado , Calcio expresado (CaO), Carbonatos , Fósforo expresado (P2O5), Magnesio expresado (MgO), Potasio expresado (K2O), Silicio expresado (SiO2),;10000;KILOGRAMOS;10000;16000;Exportación;ECOTEC PANAMA SOCIEDAD ANONIMA;ENLACE AGROPECUARIO SOCIEDAD ANONIMA;GUATEMALA;PANAMÁ;ADUANA DE PASO CANOAS;Alcohol Isotridecilico etoxilado / Calcio expresado (CaO) / Carbonatos / Fósforo expresado (P2O5) / Magnesio expresado (MgO) / Potasio expresado (K2O) / Silicio expresado (SiO2) /
8098496;7/1/2025 14:26;Fertilizantes;3259;YaraLiva Nitrabor;18000;KILOGRAMOS;18000;11240;Exportación;AGRO TROPICAL SOLUTIONS LLC;YARA COSTA RICA SOCIEDAD DE RESPONSABILIDAD LIMITADA;NORUEGA;PUERTO RICO;ADUANA DE LIMÓN;Boro expresado (B) / Calcio expresado (CaO) / Nitrógeno Total expresado (N) /
8098496;7/1/2025 14:26;Fertilizantes;3210;YaraBela Nitromag;1980;KILOGRAMOS;1980;1196,8;Exportación;AGRO TROPICAL SOLUTIONS LLC;YARA COSTA RICA SOCIEDAD DE RESPONSABILIDAD LIMITADA;HOLANDA (PAISES BAJOS);PUERTO RICO;ADUANA DE LIMÓN;Calcio expresado (CaO) / Magnesio expresado (MgO) / Nitrógeno Total expresado (N) /
8098496;7/1/2025 14:26;Fertilizantes;3424;YaraMila Complex;2880;KILOGRAMOS;2880;2841,6;Exportación;AGRO TROPICAL SOLUTIONS LLC;YARA COSTA RICA SOCIEDAD DE RESPONSABILIDAD LIMITADA;NORUEGA;PUERTO RICO;ADUANA DE LIMÓN;Azufre expresado (S) / Boro expresado (B) / Fósforo expresado (P2O5) / Hierro expresado (Fe) / Magnesio expresado (MgO) / Manganeso expresado (Mn) / Nitrógeno Total expresado (N) / Potasio expresado (K2O) / Zinc expresado (Zn) /
8098496;7/1/2025 14:26;Fertilizantes;9510;YaraMila Nitrocomplex Plus;1125;KILOGRAMOS;1125;945;Exportación;AGRO TROPICAL SOLUTIONS LLC;YARA COSTA RICA SOCIEDAD DE RESPONSABILIDAD LIMITADA;NORUEGA;PUERTO RICO;ADUANA DE LIMÓN;Azufre expresado (S) / Fósforo expresado (P2O5) / Magnesio expresado (MgO) / Nitrógeno Total expresado (N) / Potasio expresado (K2O) / Zinc expresado (Zn) /
8098507;7/1/2025 16:42;Fertilizantes;EX 11641;Pelicano 16,8-0-24+2,5MgO+2S;30000;KILOGRAMOS;30000;13698,9;Exportación;CHIQUITA PANAMA L.L.C;ABONOS DEL PACIFICO SOCIEDAD ANONIMA;COSTA RICA;PANAMÁ;ADUANA DE LIMÓN;Azufre expresado (S) / Magnesio expresado (MgO) / Nitrógeno Total expresado (N) / Potasio expresado (K2O) /
8098508;7/1/2025 16:55;Fertilizantes;EX 11641;Pelicano 16,8-0-24+2,5MgO+2S;30000;KILOGRAMOS;30000;13698,9;Exportación;CHIQUITA PANAMA L.L.C;ABONOS DEL PACIFICO SOCIEDAD ANONIMA;COSTA RICA;PANAMÁ;ADUANA DE LIMÓN;Azufre expresado (S) / Magnesio expresado (MgO) / Nitrógeno Total expresado (N) / Potasio expresado (K2O) /
8098510;7/1/2025 17:00;Fertilizantes;EX 11641;Pelicano 16,8-0-24+2,5MgO+2S;30000;KILOGRAMOS;30000;13698,9;Exportación;CHIQUITA PANAMA L.L.C;ABONOS DEL PACIFICO SOCIEDAD ANONIMA;COSTA RICA;PANAMÁ;ADUANA DE LIMÓN;Azufre expresado (S) / Magnesio expresado (MgO) / Nitrógeno Total expresado (N) / Potasio expresado (K2O) /
8098511;7/1/2025 17:07;Fertilizantes;EX 11641;Pelicano 16,8-0-24+2,5MgO+2S;30000;KILOGRAMOS;30000;13698,9;Exportación;CHIQUITA PANAMA L.L.C;ABONOS DEL PACIFICO SOCIEDAD ANONIMA;COSTA RICA;PANAMÁ;ADUANA DE LIMÓN;Azufre expresado (S) / Magnesio expresado (MgO) / Nitrógeno Total expresado (N) / Potasio expresado (K2O) /
8098512;7/1/2025 17:17;Fertilizantes;EX 11641;Pelicano 16,8-0-24+2,5MgO+2S;30000;KILOGRAMOS;30000;13698,9;Exportación;CHIQUITA PANAMA L.L.C;ABONOS DEL PACIFICO SOCIEDAD ANONIMA;COSTA RICA;PANAMÁ;ADUANA DE LIMÓN;Azufre expresado (S) / Magnesio expresado (MgO) / Nitrógeno Total expresado (N) / Potasio expresado (K2O) /
8098539;8/1/2025 10:58;Fertilizantes;3424;YaraMila Complex;33750;KILOGRAMOS;33750;32625;Exportación;BIOAGRO INTERNATIONAL S.R.L;YARA COSTA RICA SOCIEDAD DE RESPONSABILIDAD LIMITADA;NORUEGA;REPÚBLICA DOMINICANA;ADUANA DE LIMÓN;Azufre expresado (S) / Boro expresado (B) / Fósforo expresado (P2O5) / Hierro expresado (Fe) / Magnesio expresado (MgO) / Manganeso expresado (Mn) / Nitrógeno Total expresado (N) / Potasio expresado (K2O) / Zinc expresado (Zn) /
8098539;8/1/2025 10:58;Fertilizantes;9510;YaraMila Nitrocomplex Plus;25200;KILOGRAMOS;25200;18480;Exportación;BIOAGRO INTERNATIONAL S.R.L;YARA COSTA RICA SOCIEDAD DE RESPONSABILIDAD LIMITADA;NORUEGA;REPÚBLICA DOMINICANA;ADUANA DE LIMÓN;Azufre expresado (S) / Fósforo expresado (P2O5) / Magnesio expresado (MgO) / Nitrógeno Total expresado (N) / Potasio expresado (K2O) / Zinc expresado (Zn) /
8098539;8/1/2025 10:58;Fertilizantes;3259;YaraLiva Nitrabor;13500;KILOGRAMOS;13500;6000;Exportación;BIOAGRO INTERNATIONAL S.R.L;YARA COSTA RICA SOCIEDAD DE RESPONSABILIDAD LIMITADA;NORUEGA;REPÚBLICA DOMINICANA;ADUANA DE LIMÓN;Boro expresado (B) / Calcio expresado (CaO) / Nitrógeno Total expresado (N) /
8098539;8/1/2025 10:58;Fertilizantes;3210;YaraBela Nitromag;15750;KILOGRAMOS;15750;8015;Exportación;BIOAGRO INTERNATIONAL S.R.L;YARA COSTA RICA SOCIEDAD DE RESPONSABILIDAD LIMITADA;HOLANDA (PAISES BAJOS);REPÚBLICA DOMINICANA;ADUANA DE LIMÓN;Calcio expresado (CaO) / Magnesio expresado (MgO) / Nitrógeno Total expresado (N) /
8098539;8/1/2025 10:58;Fertilizantes;12153;Yara vita Magzibor;838,32;LITROS;838,32;6300;Exportación;BIOAGRO INTERNATIONAL S.R.L;YARA COSTA RICA SOCIEDAD DE RESPONSABILIDAD LIMITADA;REINO UNIDO;REPÚBLICA DOMINICANA;ADUANA DE LIMÓN;Boro expresado (B) / Magnesio expresado (MgO) / Nitrógeno Total expresado (N) / Zinc expresado (Zn) /
8098575;8/1/2025 17:13;Fertilizantes;EX 11641;Pelicano 16,8-0-24+2,5MgO+2S;30000;KILOGRAMOS;30000;13698,9;Exportación;CHIQUITA PANAMA L.L.C;ABONOS DEL PACIFICO SOCIEDAD ANONIMA;COSTA RICA;PANAMÁ;ADUANA DE LIMÓN;Azufre expresado (S) / Magnesio expresado (MgO) / Nitrógeno Total expresado (N) / Potasio expresado (K2O) /
8098576;8/1/2025 17:29;Fertilizantes;EX 11641;Pelicano 16,8-0-24+2,5MgO+2S;30000;KILOGRAMOS;30000;13698,9;Exportación;CHIQUITA PANAMA L.L.C;ABONOS DEL PACIFICO SOCIEDAD ANONIMA;COSTA RICA;PANAMÁ;ADUANA DE LIMÓN;Azufre expresado (S) / Magnesio expresado (MgO) / Nitrógeno Total expresado (N) / Potasio expresado (K2O) /
8098577;8/1/2025 18:29;Fertilizantes;3259;YARALIVA NITRABOR;23985;KILOGRAMOS;23985;14476,28;Exportación;ALDEAZON SOCIEDAD ANONIMA;YARA COSTA RICA SOCIEDAD DE RESPONSABILIDAD LIMITADA;NORUEGA;NICARAGUA;ADUANA DE PEÑAS BLANCAS;Boro expresado (B) / Calcio expresado (CaO) / Nitrógeno Total expresado (N) /
8098578;8/1/2025 19:05;Fertilizantes;3259;YARALIVA NITRABOR;23985;KILOGRAMOS;23985;14476,28;Exportación;ALDEAZON SOCIEDAD ANONIMA;YARA COSTA RICA SOCIEDAD DE RESPONSABILIDAD LIMITADA;NORUEGA;NICARAGUA;ADUANA DE PEÑAS BLANCAS;Boro expresado (B) / Calcio expresado (CaO) / Nitrógeno Total expresado (N) /
8098579;8/1/2025 19:16;Fertilizantes;3259;YARALIVA NITRABOR;23985;KILOGRAMOS;23985;14476,28;Exportación;ALDEAZON SOCIEDAD ANONIMA;YARA COSTA RICA SOCIEDAD DE RESPONSABILIDAD LIMITADA;NORUEGA;NICARAGUA;ADUANA DE PEÑAS BLANCAS;Boro expresado (B) / Calcio expresado (CaO) / Nitrógeno Total expresado (N) /
8098706;10/1/2025 11:09;Fertilizantes;7633;YARAMILA RAFOS UKI;27000;KILOGRAMOS;27000;22470;Exportación;AGRO PRO PANAMA SA;YARA COSTA RICA SOCIEDAD DE RESPONSABILIDAD LIMITADA;FINLADIA;PANAMÁ;ADUANA DE PASO CANOAS;Azufre expresado (S) / Fósforo expresado (P2O5) / Hierro expresado (Fe) / Magnesio expresado (MgO) / Nitrógeno Total expresado (N) / Potasio expresado (K2O) / Zinc expresado (Zn) /
8098716;10/1/2025 11:51;Fertilizantes;7633;YARAMILA RAFOS UKI;13500;KILOGRAMOS;13500;11235;Exportación;AGRO PRO PANAMA SA;YARA COSTA RICA SOCIEDAD DE RESPONSABILIDAD LIMITADA;FINLADIA;PANAMÁ;ADUANA DE PASO CANOAS;Azufre expresado (S) / Fósforo expresado (P2O5) / Hierro expresado (Fe) / Magnesio expresado (MgO) / Nitrógeno Total expresado (N) / Potasio expresado (K2O) / Zinc expresado (Zn) /
8098716;10/1/2025 11:51;Fertilizantes;2863;YARALIVA CALCINIT //YarateraCalcinit15,5- 0- 0-26;5000;KILOGRAMOS;5000;3640;Exportación;AGRO PRO PANAMA SA;YARA COSTA RICA SOCIEDAD DE RESPONSABILIDAD LIMITADA;NORUEGA;PANAMÁ;ADUANA DE PASO CANOAS;Calcio expresado (CaO) / Nitrógeno Total expresado (N) /
8098716;10/1/2025 11:51;Fertilizantes;3424;YARAMILA COMPLEX;9000;KILOGRAMOS;9000;8740;Exportación;AGRO PRO PANAMA SA;YARA COSTA RICA SOCIEDAD DE RESPONSABILIDAD LIMITADA;NORUEGA;PANAMÁ;ADUANA DE PASO CANOAS;Azufre expresado (S) / Boro expresado (B) / Fósforo expresado (P2O5) / Hierro expresado (Fe) / Magnesio expresado (MgO) / Manganeso expresado (Mn) / Nitrógeno Total expresado (N) / Potasio expresado (K2O) / Zinc expresado (Zn) /
8098718;10/1/2025 12:49;Fertilizantes;3424;YARAMILA COMPLEX;27000;KILOGRAMOS;27000;26220;Exportación;EL RANCHERITO S.A.;YARA COSTA RICA SOCIEDAD DE RESPONSABILIDAD LIMITADA;NORUEGA;PANAMÁ;ADUANA DE PASO CANOAS;Azufre expresado (S) / Boro expresado (B) / Fósforo expresado (P2O5) / Hierro expresado (Fe) / Magnesio expresado (MgO) / Manganeso expresado (Mn) / Nitrógeno Total expresado (N) / Potasio expresado (K2O) / Zinc expresado (Zn) /
8098721;10/1/2025 12:57;Fertilizantes;3424;YARAMILA COMPLEX;27000;KILOGRAMOS;27000;26220;Exportación;EL RANCHERITO S.A.;YARA COSTA RICA SOCIEDAD DE RESPONSABILIDAD LIMITADA;NORUEGA;PANAMÁ;ADUANA DE PASO CANOAS;Azufre expresado (S) / Boro expresado (B) / Fósforo expresado (P2O5) / Hierro expresado (Fe) / Magnesio expresado (MgO) / Manganeso expresado (Mn) / Nitrógeno Total expresado (N) / Potasio expresado (K2O) / Zinc expresado (Zn) /
8098722;10/1/2025 13:04;Fertilizantes;3424;YARAMILA COMPLEX;27000;KILOGRAMOS;27000;26220;Exportación;EL RANCHERITO S.A.;YARA COSTA RICA SOCIEDAD DE RESPONSABILIDAD LIMITADA;NORUEGA;PANAMÁ;ADUANA DE PASO CANOAS;Azufre expresado (S) / Boro expresado (B) / Fósforo expresado (P2O5) / Hierro expresado (Fe) / Magnesio expresado (MgO) / Manganeso expresado (Mn) / Nitrógeno Total expresado (N) / Potasio expresado (K2O) / Zinc expresado (Zn) /
8098724;10/1/2025 13:09;Fertilizantes;9510;YaraMila Nitrocomplex Plus;27000;KILOGRAMOS;27000;20820;Exportación;EL RANCHERITO S.A.;YARA COSTA RICA SOCIEDAD DE RESPONSABILIDAD LIMITADA;NORUEGA;PANAMÁ;ADUANA DE PASO CANOAS;Azufre expresado (S) / Fósforo expresado (P2O5) / Magnesio expresado (MgO) / Nitrógeno Total expresado (N) / Potasio expresado (K2O) / Zinc expresado (Zn) /
8098726;10/1/2025 13:18;Fertilizantes;9510;YaraMila Nitrocomplex Plus;27000;KILOGRAMOS;27000;20820;Exportación;EL RANCHERITO S.A.;YARA COSTA RICA SOCIEDAD DE RESPONSABILIDAD LIMITADA;NORUEGA;PANAMÁ;ADUANA DE PASO CANOAS;Azufre expresado (S) / Fósforo expresado (P2O5) / Magnesio expresado (MgO) / Nitrógeno Total expresado (N) / Potasio expresado (K2O) / Zinc expresado (Zn) /
8098729;10/1/2025 13:24;Fertilizantes;3235;YARAMILA HYDRAN;27000;KILOGRAMOS;27000;20220;Exportación;EL RANCHERITO S.A.;YARA COSTA RICA SOCIEDAD DE RESPONSABILIDAD LIMITADA;NORUEGA;PANAMÁ;ADUANA DE PASO CANOAS;Azufre expresado (S) / Boro expresado (B) / Fósforo expresado (P2O5) / Magnesio expresado (MgO) / Nitrógeno Total expresado (N) / Potasio expresado (K2O) / Zinc expresado (Zn) /
8098730;10/1/2025 13:30;Fertilizantes;3235;YARAMILA HYDRAN;27000;KILOGRAMOS;27000;20220;Exportación;EL RANCHERITO S.A.;YARA COSTA RICA SOCIEDAD DE RESPONSABILIDAD LIMITADA;NORUEGA;PANAMÁ;ADUANA DE PASO CANOAS;Azufre expresado (S) / Boro expresado (B) / Fósforo expresado (P2O5) / Magnesio expresado (MgO) / Nitrógeno Total expresado (N) / Potasio expresado (K2O) / Zinc expresado (Zn) /
8098731;10/1/2025 13:36;Fertilizantes;3235;YARAMILA HYDRAN;27000;KILOGRAMOS;27000;20220;Exportación;EL RANCHERITO S.A.;YARA COSTA RICA SOCIEDAD DE RESPONSABILIDAD LIMITADA;NORUEGA;PANAMÁ;ADUANA DE PASO CANOAS;Azufre expresado (S) / Boro expresado (B) / Fósforo expresado (P2O5) / Magnesio expresado (MgO) / Nitrógeno Total expresado (N) / Potasio expresado (K2O) / Zinc expresado (Zn) /
8098732;10/1/2025 13:40;Fertilizantes;7633;YaraMila Rafos UKI;27000;KILOGRAMOS;27000;22470;Exportación;EL RANCHERITO S.A.;YARA COSTA RICA SOCIEDAD DE RESPONSABILIDAD LIMITADA;FINLADIA;PANAMÁ;ADUANA DE PASO CANOAS;Azufre expresado (S) / Fósforo expresado (P2O5) / Hierro expresado (Fe) / Magnesio expresado (MgO) / Nitrógeno Total expresado (N) / Potasio expresado (K2O) / Zinc expresado (Zn) /
8098734;10/1/2025 13:50;Fertilizantes;7633;YaraMila Rafos UKI;27000;KILOGRAMOS;27000;22470;Exportación;EL RANCHERITO S.A.;YARA COSTA RICA SOCIEDAD DE RESPONSABILIDAD LIMITADA;FINLADIA;PANAMÁ;ADUANA DE PASO CANOAS;Azufre expresado (S) / Fósforo expresado (P2O5) / Hierro expresado (Fe) / Magnesio expresado (MgO) / Nitrógeno Total expresado (N) / Potasio expresado (K2O) / Zinc expresado (Zn) /
8098739;10/1/2025 13:54;Fertilizantes;10055;Mezcla Física 13-8-12-2 (MgO)-8 (CaO)-5 (S)-0,1 (B)-0,01 (Zn) // YaraMila Avansere;27000;KILOGRAMOS;27000;22962,5;Exportación;EL RANCHERITO S.A.;YARA COSTA RICA SOCIEDAD DE RESPONSABILIDAD LIMITADA;COSTA RICA;PANAMÁ;ADUANA DE PASO CANOAS;Azufre expresado (S) / Boro expresado (B) / Calcio expresado (CaO) / Fósforo expresado (P2O5) / Magnesio expresado (MgO) / Nitrógeno Total expresado (N) / Potasio expresado (K2O) / Zinc expresado (Zn) /
8098739;10/1/2025 13:54;Fertilizantes;362;Yara Vita Magzibor;299,4;LITROS;299,4;2264,2;Exportación;EL RANCHERITO S.A.;YARA COSTA RICA SOCIEDAD DE RESPONSABILIDAD LIMITADA;REINO UNIDO;PANAMÁ;ADUANA DE PASO CANOAS;Boro expresado (B) / Magnesio expresado (MgO) / Nitrógeno Total expresado (N) / Zinc expresado (Zn) /
8098739;10/1/2025 13:54;Fertilizantes;362;YaraVita Magzibor 10L;748,5;LITROS;748,5;5078,35;Exportación;EL RANCHERITO S.A.;YARA COSTA RICA SOCIEDAD DE RESPONSABILIDAD LIMITADA;REINO UNIDO;PANAMÁ;ADUANA DE PASO CANOAS;Boro expresado (B) / Magnesio expresado (MgO) / Nitrógeno Total expresado (N) / Zinc expresado (Zn) /
8098760;10/1/2025 17:34;Fertilizantes;EX 11641;Pelicano 16,8-0-24+2,5MgO+2S;30000;KILOGRAMOS;30000;13698,9;Exportación;CHIQUITA PANAMA L.L.C;ABONOS DEL PACIFICO SOCIEDAD ANONIMA;COSTA RICA;PANAMÁ;ADUANA DE LIMÓN;Azufre expresado (S) / Magnesio expresado (MgO) / Nitrógeno Total expresado (N) / Potasio expresado (K2O) /
8098761;10/1/2025 17:50;Fertilizantes;EX 11641;Pelicano 16,8-0-24+2,5MgO+2S;29900;KILOGRAMOS;29900;13653,24;Exportación;CHIQUITA PANAMA L.L.C;ABONOS DEL PACIFICO SOCIEDAD ANONIMA;COSTA RICA;PANAMÁ;ADUANA DE LIMÓN;Azufre expresado (S) / Magnesio expresado (MgO) / Nitrógeno Total expresado (N) / Potasio expresado (K2O) /
8098763;10/1/2025 17:55;Fertilizantes;EX 11641;Pelicano 16,8-0-24+2,5MgO+2S;30000;KILOGRAMOS;30000;13698,9;Exportación;CHIQUITA PANAMA L.L.C;ABONOS DEL PACIFICO SOCIEDAD ANONIMA;COSTA RICA;PANAMÁ;ADUANA DE LIMÓN;Azufre expresado (S) / Magnesio expresado (MgO) / Nitrógeno Total expresado (N) / Potasio expresado (K2O) /
8098764;10/1/2025 18:09;Fertilizantes;EX 11641;Pelicano 16,8-0-24+2,5MgO+2S;30000;KILOGRAMOS;30000;13698,9;Exportación;CHIQUITA PANAMA L.L.C;ABONOS DEL PACIFICO SOCIEDAD ANONIMA;COSTA RICA;PANAMÁ;ADUANA DE LIMÓN;Azufre expresado (S) / Magnesio expresado (MgO) / Nitrógeno Total expresado (N) / Potasio expresado (K2O) /
8099181;9/1/2025 11:19;Fertilizantes;8702180;RIMAC LAMBDA CYHALOTRINA 94,9 TC;1000;KILOGRAMOS;1000;15000;Exportación;2802-AGROFORTRESS SA;Adama Crop Solutions ACC SA;CHINA;GUATEMALA;ADUANA DE CALDERA;
8099191;6/1/2025 11:10;Fertilizantes;7575;Colono Fertil 26-0-26, Reg Panama #8239, Reg CR #7575;29250;KILOGRAMOS;29250;15600;Exportación;EL COLONO AGROPECUARIO S.A.(PANAMA) / EL COLONO AGROPECUARIO S.A. (PANAMA);El Colono Agropecuario SA;COSTA RICA;PANAMÁ;ADUANA DE PASO CANOAS;Nitrógeno Total expresado (N) / Potasio expresado (K2O) /
8099192;6/1/2025 11:42;Fertilizantes;8079;COLONOFERTIL 8-40-12, Reg Panama #8244, Reg CR #8079;29250;KILOGRAMOS;29250;20475;Exportación;EL COLONO AGROPECUARIO S.A.(PANAMA) / EL COLONO AGROPECUARIO S.A. (PANAMA);El Colono Agropecuario SA;COSTA RICA;PANAMÁ;ADUANA DE PASO CANOAS;Fósforo expresado (P2O5) / Nitrógeno Total expresado (N) / Potasio expresado (K2O) /
8099193;6/1/2025 14:42;Fertilizantes;7537;Colono Fertil Dap 18-46-0, Reg Panama #8245, Reg CR #7537;29250;KILOGRAMOS;29250;24700;Exportación;EL COLONO AGROPECUARIO S.A.(PANAMA) / EL COLONO AGROPECUARIO S.A. (PANAMA);El Colono Agropecuario SA;RUSIA (FEDERACIÓN RUSA);PANAMÁ;ADUANA DE PASO CANOAS;Fósforo expresado (P2O5) / Nitrógeno Total expresado (N) /
8099195;6/1/2025 16:24;Fertilizantes;7538;Colono Fertil NA 33,5-0-0, Reg Panama #8246, Reg CR #7538;29250;KILOGRAMOS;29250;14300;Exportación;EL COLONO AGROPECUARIO S.A.(PANAMA) / EL COLONO AGROPECUARIO S.A. (PANAMA);El Colono Agropecuario SA;RUSIA (FEDERACIÓN RUSA);PANAMÁ;ADUANA DE PASO CANOAS;Nitrógeno Total expresado (N) /
8099196;6/1/2025 16:45;Fertilizantes;7538;Colono Fertil NA 33,5-0-0, Reg Panama #8246, Reg CR #7538;29250;KILOGRAMOS;29250;14300;Exportación;EL COLONO AGROPECUARIO S.A.(PANAMA) / EL COLONO AGROPECUARIO S.A. (PANAMA);El Colono Agropecuario SA;RUSIA (FEDERACIÓN RUSA);PANAMÁ;ADUANA DE PASO CANOAS;Nitrógeno Total expresado (N) /
8099198;6/1/2025 17:06;Fertilizantes;8142;Colono Fertil KCL 0-0-60, Reg Panama #7955,Reg CR #8142;29250;KILOGRAMOS;29250;13650;Exportación;EL COLONO AGROPECUARIO S.A.(PANAMA) / EL COLONO AGROPECUARIO S.A. (PANAMA);El Colono Agropecuario SA;BELARÚS (BIELORRUSIA);PANAMÁ;ADUANA DE PASO CANOAS;Potasio expresado (K2O) /
8099206;6/1/2025 14:42;Fertilizantes;4701;SPRAYCOL EM 97 Coadyuvante (Aceite Mineral Parafínico);652,8;LITROS;652,8;1561,6;Exportación;EL COLONO AGROPECUARIO S.A;DISTRIBUIDORA INQUISA SOCIEDAD ANONIMA;COSTA RICA;PANAMÁ;ADUANA DE PASO CANOAS;Azufre expresado (S) / Potasio expresado (K2O) /
8099206;6/1/2025 14:42;Fertilizantes;3967;AJUSTE 22.5 SL Coadyuvante (Acidos Inorganicos+Alcohol alifático;214,2;LITROS;214,2;538,56;Exportación;EL COLONO AGROPECUARIO S.A;DISTRIBUIDORA INQUISA SOCIEDAD ANONIMA;COSTA RICA;PANAMÁ;ADUANA DE PASO CANOAS;Azufre expresado (S) / Magnesio expresado (MgO) / Nitrógeno Total expresado (N) /
8099206;6/1/2025 14:42;Fertilizantes;3247;Pega 25 SL Coadyuvante (Alquil Aril Sulfonato de Sodio);348;LITROS;348;567;Exportación;EL COLONO AGROPECUARIO S.A;DISTRIBUIDORA INQUISA SOCIEDAD ANONIMA;COSTA RICA;PANAMÁ;ADUANA DE PASO CANOAS;Azufre expresado (S) / Boro expresado (B) / Zinc expresado (Zn) /
8099210;7/1/2025 15:45;Fertilizantes;8142;Colono Fertil KCL 0-0-60, Reg Panama #7955,Reg CR #8142;28000;KILOGRAMOS;28000;12880;Exportación;EL COLONO AGROPECUARIO S.A.(PANAMA) / EL COLONO AGROPECUARIO S.A. (PANAMA);El Colono Agropecuario SA;BELARÚS (BIELORRUSIA);PANAMÁ;ADUANA DE PASO CANOAS;Potasio expresado (K2O) /
8099211;7/1/2025 15:50;Fertilizantes;8142;Colono Fertil KCL 0-0-60, Reg Panama #7955,Reg CR #8142;28000;KILOGRAMOS;28000;12880;Exportación;EL COLONO AGROPECUARIO S.A.(PANAMA) / EL COLONO AGROPECUARIO S.A. (PANAMA);El Colono Agropecuario SA;BELARÚS (BIELORRUSIA);PANAMÁ;ADUANA DE PASO CANOAS;Potasio expresado (K2O) /
8099212;7/1/2025 15:54;Fertilizantes;8142;Colono Fertil KCL 0-0-60, Reg Panama #7955,Reg CR #8142;28000;KILOGRAMOS;28000;12880;Exportación;EL COLONO AGROPECUARIO S.A.(PANAMA) / EL COLONO AGROPECUARIO S.A. (PANAMA);El Colono Agropecuario SA;BELARÚS (BIELORRUSIA);PANAMÁ;ADUANA DE PASO CANOAS;Potasio expresado (K2O) /
8099213;7/1/2025 15:58;Fertilizantes;8142;Colono Fertil KCL 0-0-60, Reg Panama #7955,Reg CR #8142;28000;KILOGRAMOS;28000;12880;Exportación;EL COLONO AGROPECUARIO S.A.(PANAMA) / EL COLONO AGROPECUARIO S.A. (PANAMA);El Colono Agropecuario SA;BELARÚS (BIELORRUSIA);PANAMÁ;ADUANA DE PASO CANOAS;Potasio expresado (K2O) /
8099214;7/1/2025 16:02;Fertilizantes;8142;Colono Fertil KCL 0-0-60, Reg Panama #7955,Reg CR #8142;28000;KILOGRAMOS;28000;12880;Exportación;EL COLONO AGROPECUARIO S.A.(PANAMA) / EL COLONO AGROPECUARIO S.A. (PANAMA);El Colono Agropecuario SA;BELARÚS (BIELORRUSIA);PANAMÁ;ADUANA DE PASO CANOAS;Potasio expresado (K2O) /
8099215;7/1/2025 16:05;Fertilizantes;8142;Colono Fertil KCL 0-0-60, Reg Panama #7955,Reg CR #8142;30000;KILOGRAMOS;30000;13800;Exportación;EL COLONO AGROPECUARIO S.A.(PANAMA) / EL COLONO AGROPECUARIO S.A. (PANAMA);El Colono Agropecuario SA;BELARÚS (BIELORRUSIA);PANAMÁ;ADUANA DE PASO CANOAS;Potasio expresado (K2O) /
8099216;7/1/2025 16:09;Fertilizantes;8142;Colono Fertil KCL 0-0-60, Reg Panama #7955,Reg CR #8142;30000;KILOGRAMOS;30000;13800;Exportación;EL COLONO AGROPECUARIO S.A.(PANAMA) / EL COLONO AGROPECUARIO S.A. (PANAMA);El Colono Agropecuario SA;BELARÚS (BIELORRUSIA);PANAMÁ;ADUANA DE PASO CANOAS;Potasio expresado (K2O) /
8099227;8/1/2025 9:32;Fertilizantes;11166;FERTILIZANTE FOLIVEEX ZINC - BORO MAX;10000;KILOGRAMOS;10000;42606,42;Exportación;AGROVET JIRON & SONS;SERACSA COMERCIAL SOCIEDAD ANONIMA;COSTA RICA;BELICE;ADUANA DE PEÑAS BLANCAS;Azufre expresado (S) / Boro expresado (B) / Zinc expresado (Zn) / L- Aminoácidos / Bioenergético /
8099227;8/1/2025 9:32;Fertilizantes;2442;FERTILIZANTE FOLIVEEX POLISACARIDOS;3524;KILOGRAMOS;3524;14316,94;Exportación;AGROVET JIRON & SONS;SERACSA COMERCIAL SOCIEDAD ANONIMA;COSTA RICA;BELICE;ADUANA DE PEÑAS BLANCAS;Ácido Fúlvico / Aminoácidos / Boro expresado (B) / Nitrógeno Total expresado (N) / Polisacáridos / Potasio expresado (K2O) / Vitamina B /
8099227;8/1/2025 9:32;Fertilizantes;5299;FERTILIZANTE PLANTOX 1000;384;KILOGRAMOS;384;1717,08;Exportación;AGROVET JIRON & SONS;SERACSA COMERCIAL SOCIEDAD ANONIMA;COSTA RICA;BELICE;ADUANA DE PEÑAS BLANCAS;Ácido Fúlvico / Ácidos Húmicos / Azufre expresado (S) / Boro expresado (B) / Manganeso expresado (Mn) / Molibdeno expresado (Mo) / Zinc expresado (Zn) / Algas (Ascophyllum nodosum) /
8099227;8/1/2025 9:32;Fertilizantes;2457;FERTILIZANTE FOLIVEEX CALCIO-BORO;1125;LITROS;1125;3863,05;Exportación;AGROVET JIRON & SONS;SERACSA COMERCIAL SOCIEDAD ANONIMA;COSTA RICA;BELICE;ADUANA DE PEÑAS BLANCAS;Aminoácidos / Boro expresado (B) / Calcio expresado (CaO) /
8099227;8/1/2025 9:32;Fertilizantes;2774;FERTILIZANTE FERTIPLANT NPK;360;LITROS;360;1164,29;Exportación;AGROVET JIRON & SONS;SERACSA COMERCIAL SOCIEDAD ANONIMA;COSTA RICA;BELICE;ADUANA DE PEÑAS BLANCAS;Ácido Indolbutirico / Azufre expresado (S) / Boro expresado (B) / Calcio expresado (CaO) / Clorhidrato de Tiamina / Cobre expresado (Cu) / Fósforo expresado (P2O5) / Hierro expresado (Fe) / Magnesio expresado (MgO) / Manganeso expresado (Mn) / Molibdeno expresado (Mo) / Nitrógeno Total expresado (N) / Potasio expresado (K2O) / Zinc expresado (Zn) /
8099227;8/1/2025 9:32;Fertilizantes;8366;FERTILIZANTE FULMIC PRIME;2041;LITROS;2041;10871,6;Exportación;AGROVET JIRON & SONS;SERACSA COMERCIAL SOCIEDAD ANONIMA;COSTA RICA;BELICE;ADUANA DE PEÑAS BLANCAS;Aminoácidos libres / Fósforo expresado (P2O5) / Potasio expresado (K2O) /
8099227;8/1/2025 9:32;Fertilizantes;2622;FERTILIZANTE FOLIVEEX CALCIO 10%;384;LITROS;384;1144,05;Exportación;AGROVET JIRON & SONS;SERACSA COMERCIAL SOCIEDAD ANONIMA;COSTA RICA;BELICE;ADUANA DE PEÑAS BLANCAS;Aminoácidos / Calcio expresado (CaO) /
8099227;8/1/2025 9:32;Fertilizantes;5990;FERTILIZANTE EVEREST;768;LITROS;768;7188,25;Exportación;AGROVET JIRON & SONS;SERACSA COMERCIAL SOCIEDAD ANONIMA;COSTA RICA;BELICE;ADUANA DE PEÑAS BLANCAS;Aminoácidos libres / Extracto de algas / Polisacáridos / Proteínas, Péptidos y Carbohidratos /
8099234;13/1/2025 9:18;Fertilizantes;7575;Colono Fertil 26-0-26, Reg Panama #8239, Reg CR #7575;30000;KILOGRAMOS;30000;14328;Exportación;EL COLONO AGROPECUARIO S.A.(PANAMA) / EL COLONO AGROPECUARIO S.A. (PANAMA);El Colono Agropecuario SA;COSTA RICA;PANAMÁ;ADUANA DE PASO CANOAS;Nitrógeno Total expresado (N) / Potasio expresado (K2O) /
8099235;13/1/2025 9:23;Fertilizantes;7575;Colono Fertil 26-0-26, Reg Panama #8239, Reg CR #7575;30000;KILOGRAMOS;30000;14328;Exportación;EL COLONO AGROPECUARIO S.A.(PANAMA) / EL COLONO AGROPECUARIO S.A. (PANAMA);El Colono Agropecuario SA;COSTA RICA;PANAMÁ;ADUANA DE PASO CANOAS;Nitrógeno Total expresado (N) / Potasio expresado (K2O) /
8099236;13/1/2025 9:29;Fertilizantes;7575;Colono Fertil 26-0-26, Reg Panama #8239, Reg CR #7575;30000;KILOGRAMOS;30000;14328;Exportación;EL COLONO AGROPECUARIO S.A.(PANAMA) / EL COLONO AGROPECUARIO S.A. (PANAMA);El Colono Agropecuario SA;COSTA RICA;PANAMÁ;ADUANA DE PASO CANOAS;Nitrógeno Total expresado (N) / Potasio expresado (K2O) /
8099239;13/1/2025 13:02;Fertilizantes;8066;Colonofertil Sulfato de Amonio;29250;KILOGRAMOS;29250;9100;Exportación;EL COLONO AGROPECUARIO S.A.(PANAMA) / EL COLONO AGROPECUARIO S.A. (PANAMA);El Colono Agropecuario SA;CHINA;PANAMÁ;ADUANA DE PASO CANOAS;Azufre expresado (S) / Nitrógeno Total expresado (N) /
8102455;21/1/2025 15:09;Fertilizantes;11886;FERLIZANTE TRIDENTE(Zinc/Cobre);254;LITROS;254;10;Exportación;FOOD AND AGRICULTURE INDUSTRIES N.V;GRUPO MAGNO INTERNACIONAL SOCIEDAD ANONIMA;COSTA RICA;SURINAME;ADUANA DE LIMÓN;Cobre expresado (Cu) / Potasio expresado (K2O) / Zinc expresado (Zn) /
8106066;13/1/2025 9:06;Fertilizantes;3259;YARALIVA NITRABOR;23985;KILOGRAMOS;23985;14476,28;Exportación;ALDEAZON SOCIEDAD ANONIMA;YARA COSTA RICA SOCIEDAD DE RESPONSABILIDAD LIMITADA;NORUEGA;NICARAGUA;ADUANA DE PEÑAS BLANCAS;Boro expresado (B) / Calcio expresado (CaO) / Nitrógeno Total expresado (N) /
8106067;13/1/2025 9:24;Fertilizantes;9510;YaraMila Nitrocomplex Plus;23985;KILOGRAMOS;23985;17972,76;Exportación;ALDEAZON SOCIEDAD ANONIMA;YARA COSTA RICA SOCIEDAD DE RESPONSABILIDAD LIMITADA;NORUEGA;NICARAGUA;ADUANA DE PEÑAS BLANCAS;Azufre expresado (S) / Fósforo expresado (P2O5) / Magnesio expresado (MgO) / Nitrógeno Total expresado (N) / Potasio expresado (K2O) / Zinc expresado (Zn) /
8106094;13/1/2025 9:42;Fertilizantes;9510;YaraMila Nitrocomplex Plus;4500;KILOGRAMOS;4500;3468;Exportación;MERCADEO Y DISTRIBUCIONES AGROPECUARIAS BONA FIDE S.A;YARA COSTA RICA SOCIEDAD DE RESPONSABILIDAD LIMITADA;NORUEGA;NICARAGUA;ADUANA DE PEÑAS BLANCAS;Azufre expresado (S) / Fósforo expresado (P2O5) / Magnesio expresado (MgO) / Nitrógeno Total expresado (N) / Potasio expresado (K2O) / Zinc expresado (Zn) /
8106094;13/1/2025 9:42;Fertilizantes;10839;Mezcla Fisica 15-1,5-25-2,2(MgO)-3,2(CaO)-0,4(Zn) // Multifert rojo;5535;KILOGRAMOS;5535;3708,45;Exportación;MERCADEO Y DISTRIBUCIONES AGROPECUARIAS BONA FIDE S.A;YARA COSTA RICA SOCIEDAD DE RESPONSABILIDAD LIMITADA;COSTA RICA;NICARAGUA;ADUANA DE PEÑAS BLANCAS;Calcio expresado (CaO) / Fósforo expresado (P2O5) / Magnesio expresado (MgO) / Nitrógeno Total expresado (N) / Potasio expresado (K2O) / Zinc expresado (Zn) /
8106094;13/1/2025 9:42;Fertilizantes;3210;YaraBela Nitromag;2250;KILOGRAMOS;2250;1355;Exportación;MERCADEO Y DISTRIBUCIONES AGROPECUARIAS BONA FIDE S.A;YARA COSTA RICA SOCIEDAD DE RESPONSABILIDAD LIMITADA;HOLANDA (PAISES BAJOS);NICARAGUA;ADUANA DE PEÑAS BLANCAS;Calcio expresado (CaO) / Magnesio expresado (MgO) / Nitrógeno Total expresado (N) /
8106094;13/1/2025 9:42;Fertilizantes;3259;YaraLiva Nitrabor;3600;KILOGRAMOS;3600;2233,6;Exportación;MERCADEO Y DISTRIBUCIONES AGROPECUARIAS BONA FIDE S.A;YARA COSTA RICA SOCIEDAD DE RESPONSABILIDAD LIMITADA;NORUEGA;NICARAGUA;ADUANA DE PEÑAS BLANCAS;Boro expresado (B) / Calcio expresado (CaO) / Nitrógeno Total expresado (N) /
8106094;13/1/2025 9:42;Fertilizantes;3235;YARAMILA HYDRAN;3195;KILOGRAMOS;3195;2289,75;Exportación;MERCADEO Y DISTRIBUCIONES AGROPECUARIAS BONA FIDE S.A;YARA COSTA RICA SOCIEDAD DE RESPONSABILIDAD LIMITADA;NORUEGA;NICARAGUA;ADUANA DE PEÑAS BLANCAS;Azufre expresado (S) / Boro expresado (B) / Fósforo expresado (P2O5) / Magnesio expresado (MgO) / Nitrógeno Total expresado (N) / Potasio expresado (K2O) / Zinc expresado (Zn) /
8106094;13/1/2025 9:42;Fertilizantes;362;YaraVita Magzibor 1L;149,7;LITROS;149,7;1202;Exportación;MERCADEO Y DISTRIBUCIONES AGROPECUARIAS BONA FIDE S.A;YARA COSTA RICA SOCIEDAD DE RESPONSABILIDAD LIMITADA;REINO UNIDO;NICARAGUA;ADUANA DE PEÑAS BLANCAS;Boro expresado (B) / Magnesio expresado (MgO) / Nitrógeno Total expresado (N) / Zinc expresado (Zn) /
8106094;13/1/2025 9:42;Fertilizantes;362;YaraVita Magzibor 10L;149,7;LITROS;149,7;1082,3;Exportación;MERCADEO Y DISTRIBUCIONES AGROPECUARIAS BONA FIDE S.A;YARA COSTA RICA SOCIEDAD DE RESPONSABILIDAD LIMITADA;REINO UNIDO;NICARAGUA;ADUANA DE PEÑAS BLANCAS;Boro expresado (B) / Magnesio expresado (MgO) / Nitrógeno Total expresado (N) / Zinc expresado (Zn) /
8106094;13/1/2025 9:42;Fertilizantes;3424;YaraMila Complex;4500;KILOGRAMOS;4500;4387;Exportación;MERCADEO Y DISTRIBUCIONES AGROPECUARIAS BONA FIDE S.A;YARA COSTA RICA SOCIEDAD DE RESPONSABILIDAD LIMITADA;NORUEGA;NICARAGUA;ADUANA DE PEÑAS BLANCAS;Azufre expresado (S) / Boro expresado (B) / Fósforo expresado (P2O5) / Hierro expresado (Fe) / Magnesio expresado (MgO) / Manganeso expresado (Mn) / Nitrógeno Total expresado (N) / Potasio expresado (K2O) / Zinc expresado (Zn) /
8106094;13/1/2025 9:42;Fertilizantes;83;YARA VITA AGRIPOTASH 1L;93,3;LITROS;93,3;622,2;Exportación;MERCADEO Y DISTRIBUCIONES AGROPECUARIAS BONA FIDE S.A;YARA COSTA RICA SOCIEDAD DE RESPONSABILIDAD LIMITADA;REINO UNIDO;NICARAGUA;ADUANA DE PEÑAS BLANCAS;Fósforo expresado (P2O5) / Potasio expresado (K2O) /
8106138;13/1/2025 18:14;Fertilizantes;EX 11641;Pelicano 16,8-0-24+2,5MgO+2S;30000;KILOGRAMOS;30000;13698,9;Exportación;CHIQUITA PANAMA L.L.C;ABONOS DEL PACIFICO SOCIEDAD ANONIMA;COSTA RICA;PANAMÁ;ADUANA DE LIMÓN;Azufre expresado (S) / Magnesio expresado (MgO) / Nitrógeno Total expresado (N) / Potasio expresado (K2O) /
8106139;13/1/2025 18:25;Fertilizantes;EX 11641;Pelicano 16,8-0-24+2,5MgO+2S;30000;KILOGRAMOS;30000;13698,9;Exportación;CHIQUITA PANAMA L.L.C;ABONOS DEL PACIFICO SOCIEDAD ANONIMA;COSTA RICA;PANAMÁ;ADUANA DE LIMÓN;Azufre expresado (S) / Magnesio expresado (MgO) / Nitrógeno Total expresado (N) / Potasio expresado (K2O) /
8106140;13/1/2025 18:30;Fertilizantes;EX 11641;Pelicano 16,8-0-24+2,5MgO+2S;30000;KILOGRAMOS;30000;13698,9;Exportación;CHIQUITA PANAMA L.L.C;ABONOS DEL PACIFICO SOCIEDAD ANONIMA;COSTA RICA;PANAMÁ;ADUANA DE LIMÓN;Azufre expresado (S) / Magnesio expresado (MgO) / Nitrógeno Total expresado (N) / Potasio expresado (K2O) /
8106141;13/1/2025 18:36;Fertilizantes;EX 11641;Pelicano 16,8-0-24+2,5MgO+2S;30000;KILOGRAMOS;30000;13698,9;Exportación;CHIQUITA PANAMA L.L.C;ABONOS DEL PACIFICO SOCIEDAD ANONIMA;COSTA RICA;PANAMÁ;ADUANA DE LIMÓN;Azufre expresado (S) / Magnesio expresado (MgO) / Nitrógeno Total expresado (N) / Potasio expresado (K2O) /
8106142;13/1/2025 18:40;Fertilizantes;EX 11641;Pelicano 16,8-0-24+2,5MgO+2S;30000;KILOGRAMOS;30000;13698,9;Exportación;CHIQUITA PANAMA L.L.C;ABONOS DEL PACIFICO SOCIEDAD ANONIMA;COSTA RICA;PANAMÁ;ADUANA DE LIMÓN;Azufre expresado (S) / Magnesio expresado (MgO) / Nitrógeno Total expresado (N) / Potasio expresado (K2O) /
8106143;13/1/2025 18:44;Fertilizantes;EX 11641;Pelicano 16,8-0-24+2,5MgO+2S;30000;KILOGRAMOS;30000;13698,9;Exportación;CHIQUITA PANAMA L.L.C;ABONOS DEL PACIFICO SOCIEDAD ANONIMA;COSTA RICA;PANAMÁ;ADUANA DE LIMÓN;Azufre expresado (S) / Magnesio expresado (MgO) / Nitrógeno Total expresado (N) / Potasio expresado (K2O) /
8106144;13/1/2025 18:50;Fertilizantes;EX 11641;Pelicano 16,8-0-24+2,5MgO+2S;30000;KILOGRAMOS;30000;13698,9;Exportación;CHIQUITA PANAMA L.L.C;ABONOS DEL PACIFICO SOCIEDAD ANONIMA;COSTA RICA;PANAMÁ;ADUANA DE LIMÓN;Azufre expresado (S) / Magnesio expresado (MgO) / Nitrógeno Total expresado (N) / Potasio expresado (K2O) /
8106214;14/1/2025 21:45;Fertilizantes;EX 11641;Pelicano 16,8-0-24+2,5MgO+2S;30000;KILOGRAMOS;30000;13698,9;Exportación;CHIQUITA PANAMA L.L.C;ABONOS DEL PACIFICO SOCIEDAD ANONIMA;COSTA RICA;PANAMÁ;PUESTO SIXAOLA;Azufre expresado (S) / Magnesio expresado (MgO) / Nitrógeno Total expresado (N) / Potasio expresado (K2O) /
8106215;14/1/2025 21:50;Fertilizantes;EX 11641;Pelicano 16,8-0-24+2,5MgO+2S;30000;KILOGRAMOS;30000;13698,9;Exportación;CHIQUITA PANAMA L.L.C;ABONOS DEL PACIFICO SOCIEDAD ANONIMA;COSTA RICA;PANAMÁ;PUESTO SIXAOLA;Azufre expresado (S) / Magnesio expresado (MgO) / Nitrógeno Total expresado (N) / Potasio expresado (K2O) /
8106216;14/1/2025 21:54;Fertilizantes;EX 11641;Pelicano 16,8-0-24+2,5MgO+2S;30000;KILOGRAMOS;30000;13698,9;Exportación;CHIQUITA PANAMA L.L.C;ABONOS DEL PACIFICO SOCIEDAD ANONIMA;COSTA RICA;PANAMÁ;PUESTO SIXAOLA;Azufre expresado (S) / Magnesio expresado (MgO) / Nitrógeno Total expresado (N) / Potasio expresado (K2O) /
8106217;14/1/2025 21:59;Fertilizantes;EX 11641;Pelicano 16,8-0-24+2,5MgO+2S;30000;KILOGRAMOS;30000;13698,9;Exportación;CHIQUITA PANAMA L.L.C;ABONOS DEL PACIFICO SOCIEDAD ANONIMA;COSTA RICA;PANAMÁ;PUESTO SIXAOLA;Azufre expresado (S) / Magnesio expresado (MgO) / Nitrógeno Total expresado (N) / Potasio expresado (K2O) /
8106218;14/1/2025 22:04;Fertilizantes;EX 11641;Pelicano 16,8-0-24+2,5MgO+2S;30000;KILOGRAMOS;30000;13698,9;Exportación;CHIQUITA PANAMA L.L.C;ABONOS DEL PACIFICO SOCIEDAD ANONIMA;COSTA RICA;PANAMÁ;PUESTO SIXAOLA;Azufre expresado (S) / Magnesio expresado (MgO) / Nitrógeno Total expresado (N) / Potasio expresado (K2O) /
8106292;15/1/2025 22:54;Fertilizantes;7633;YaraMila Rafos UKI;24000;KILOGRAMOS;24000;15866,4;Exportación;YARA GUATEMALA S A;YARA COSTA RICA SOCIEDAD DE RESPONSABILIDAD LIMITADA;FINLADIA;GUATEMALA;ADUANA DE PEÑAS BLANCAS;Azufre expresado (S) / Fósforo expresado (P2O5) / Hierro expresado (Fe) / Magnesio expresado (MgO) / Nitrógeno Total expresado (N) / Potasio expresado (K2O) / Zinc expresado (Zn) /
8106293;15/1/2025 23:01;Fertilizantes;7633;YaraMila Rafos UKI;24000;KILOGRAMOS;24000;15866,4;Exportación;YARA GUATEMALA S A;YARA COSTA RICA SOCIEDAD DE RESPONSABILIDAD LIMITADA;FINLADIA;GUATEMALA;ADUANA DE PEÑAS BLANCAS;Azufre expresado (S) / Fósforo expresado (P2O5) / Hierro expresado (Fe) / Magnesio expresado (MgO) / Nitrógeno Total expresado (N) / Potasio expresado (K2O) / Zinc expresado (Zn) /
8106294;15/1/2025 23:04;Fertilizantes;7633;YaraMila Rafos UKI;24000;KILOGRAMOS;24000;15866,4;Exportación;YARA GUATEMALA S A;YARA COSTA RICA SOCIEDAD DE RESPONSABILIDAD LIMITADA;FINLADIA;GUATEMALA;ADUANA DE PEÑAS BLANCAS;Azufre expresado (S) / Fósforo expresado (P2O5) / Hierro expresado (Fe) / Magnesio expresado (MgO) / Nitrógeno Total expresado (N) / Potasio expresado (K2O) / Zinc expresado (Zn) /
8106295;15/1/2025 23:09;Fertilizantes;7633;YaraMila Rafos UKI;24000;KILOGRAMOS;24000;15866,4;Exportación;YARA GUATEMALA S A;YARA COSTA RICA SOCIEDAD DE RESPONSABILIDAD LIMITADA;FINLADIA;GUATEMALA;ADUANA DE PEÑAS BLANCAS;Azufre expresado (S) / Fósforo expresado (P2O5) / Hierro expresado (Fe) / Magnesio expresado (MgO) / Nitrógeno Total expresado (N) / Potasio expresado (K2O) / Zinc expresado (Zn) /
8106296;15/1/2025 23:12;Fertilizantes;7633;YaraMila Rafos UKI;24000;KILOGRAMOS;24000;15866,4;Exportación;YARA GUATEMALA S A;YARA COSTA RICA SOCIEDAD DE RESPONSABILIDAD LIMITADA;FINLADIA;GUATEMALA;ADUANA DE PEÑAS BLANCAS;Azufre expresado (S) / Fósforo expresado (P2O5) / Hierro expresado (Fe) / Magnesio expresado (MgO) / Nitrógeno Total expresado (N) / Potasio expresado (K2O) / Zinc expresado (Zn) /
8106297;15/1/2025 23:16;Fertilizantes;7633;YaraMila Rafos UKI;24000;KILOGRAMOS;24000;15866,4;Exportación;YARA GUATEMALA S A;YARA COSTA RICA SOCIEDAD DE RESPONSABILIDAD LIMITADA;FINLADIA;GUATEMALA;ADUANA DE PEÑAS BLANCAS;Azufre expresado (S) / Fósforo expresado (P2O5) / Hierro expresado (Fe) / Magnesio expresado (MgO) / Nitrógeno Total expresado (N) / Potasio expresado (K2O) / Zinc expresado (Zn) /
8106298;15/1/2025 23:19;Fertilizantes;7633;YaraMila Rafos UKI;24000;KILOGRAMOS;24000;15866,4;Exportación;YARA GUATEMALA S A;YARA COSTA RICA SOCIEDAD DE RESPONSABILIDAD LIMITADA;FINLADIA;GUATEMALA;ADUANA DE PEÑAS BLANCAS;Azufre expresado (S) / Fósforo expresado (P2O5) / Hierro expresado (Fe) / Magnesio expresado (MgO) / Nitrógeno Total expresado (N) / Potasio expresado (K2O) / Zinc expresado (Zn) /
8106299;15/1/2025 23:35;Fertilizantes;EX 11641;Pelicano 16,8-0-24+2,5MgO+2S;30000;KILOGRAMOS;30000;13698,9;Exportación;CHIQUITA PANAMA L.L.C;ABONOS DEL PACIFICO SOCIEDAD ANONIMA;COSTA RICA;PANAMÁ;PUESTO SIXAOLA;Azufre expresado (S) / Magnesio expresado (MgO) / Nitrógeno Total expresado (N) / Potasio expresado (K2O) /
8106300;15/1/2025 23:38;Fertilizantes;EX 11641;Pelicano 16,8-0-24+2,5MgO+2S;29150;KILOGRAMOS;29150;13310,75;Exportación;CHIQUITA PANAMA L.L.C;ABONOS DEL PACIFICO SOCIEDAD ANONIMA;COSTA RICA;PANAMÁ;PUESTO SIXAOLA;Azufre expresado (S) / Magnesio expresado (MgO) / Nitrógeno Total expresado (N) / Potasio expresado (K2O) /
8106301;15/1/2025 23:42;Fertilizantes;EX 11641;Pelicano 16,8-0-24+2,5MgO+2S;29150;KILOGRAMOS;29150;13310,75;Exportación;CHIQUITA PANAMA L.L.C;ABONOS DEL PACIFICO SOCIEDAD ANONIMA;COSTA RICA;PANAMÁ;PUESTO SIXAOLA;Azufre expresado (S) / Magnesio expresado (MgO) / Nitrógeno Total expresado (N) / Potasio expresado (K2O) /
8106302;15/1/2025 23:58;Fertilizantes;EX 11641;Pelicano 16,8-0-24+2,5MgO+2S;30000;KILOGRAMOS;30000;13698,9;Exportación;CHIQUITA PANAMA L.L.C;ABONOS DEL PACIFICO SOCIEDAD ANONIMA;COSTA RICA;PANAMÁ;PUESTO SIXAOLA;Azufre expresado (S) / Magnesio expresado (MgO) / Nitrógeno Total expresado (N) / Potasio expresado (K2O) /
8106303;16/1/2025 0:01;Fertilizantes;EX 11641;Pelicano 16,8-0-24+2,5MgO+2S;30000;KILOGRAMOS;30000;13698,9;Exportación;CHIQUITA PANAMA L.L.C;ABONOS DEL PACIFICO SOCIEDAD ANONIMA;COSTA RICA;PANAMÁ;PUESTO SIXAOLA;Azufre expresado (S) / Magnesio expresado (MgO) / Nitrógeno Total expresado (N) / Potasio expresado (K2O) /
8106304;16/1/2025 0:04;Fertilizantes;EX 11641;Pelicano 16,8-0-24+2,5MgO+2S;30000;KILOGRAMOS;30000;13698,9;Exportación;CHIQUITA PANAMA L.L.C;ABONOS DEL PACIFICO SOCIEDAD ANONIMA;COSTA RICA;PANAMÁ;PUESTO SIXAOLA;Azufre expresado (S) / Magnesio expresado (MgO) / Nitrógeno Total expresado (N) / Potasio expresado (K2O) /
8106305;16/1/2025 0:06;Fertilizantes;EX 11641;Pelicano 16,8-0-24+2,5MgO+2S;30000;KILOGRAMOS;30000;13698,9;Exportación;CHIQUITA PANAMA L.L.C;ABONOS DEL PACIFICO SOCIEDAD ANONIMA;COSTA RICA;PANAMÁ;PUESTO SIXAOLA;Azufre expresado (S) / Magnesio expresado (MgO) / Nitrógeno Total expresado (N) / Potasio expresado (K2O) /
8106321;16/1/2025 12:17;Fertilizantes;3259;YARALIVA NITRABOR;23985;KILOGRAMOS;23985;14476,28;Exportación;ALDEAZON SOCIEDAD ANONIMA;YARA COSTA RICA SOCIEDAD DE RESPONSABILIDAD LIMITADA;NORUEGA;NICARAGUA;ADUANA DE PEÑAS BLANCAS;Boro expresado (B) / Calcio expresado (CaO) / Nitrógeno Total expresado (N) /
8106330;16/1/2025 12:50;Fertilizantes;3259;YARALIVA NITRABOR;22140;KILOGRAMOS;22140;13362,72;Exportación;ALDEAZON SOCIEDAD ANONIMA;YARA COSTA RICA SOCIEDAD DE RESPONSABILIDAD LIMITADA;NORUEGA;NICARAGUA;ADUANA DE PEÑAS BLANCAS;Boro expresado (B) / Calcio expresado (CaO) / Nitrógeno Total expresado (N) /
8106330;16/1/2025 12:50;Fertilizantes;362;YaraVita Magzibor;898,2;LITROS;898,2;6720;Exportación;ALDEAZON SOCIEDAD ANONIMA;YARA COSTA RICA SOCIEDAD DE RESPONSABILIDAD LIMITADA;REINO UNIDO;NICARAGUA;ADUANA DE PEÑAS BLANCAS;Boro expresado (B) / Magnesio expresado (MgO) / Nitrógeno Total expresado (N) / Zinc expresado (Zn) /
8106330;16/1/2025 12:50;Fertilizantes;83;YARA VITA AGRIPOTAS;155,5;LITROS;155,5;1006;Exportación;ALDEAZON SOCIEDAD ANONIMA;YARA COSTA RICA SOCIEDAD DE RESPONSABILIDAD LIMITADA;REINO UNIDO;NICARAGUA;ADUANA DE PEÑAS BLANCAS;Fósforo expresado (P2O5) / Potasio expresado (K2O) /
8106330;16/1/2025 12:50;Fertilizantes;1094;YARA VITA CALTRAC 400;689,6;LITROS;689,6;2920;Exportación;ALDEAZON SOCIEDAD ANONIMA;YARA COSTA RICA SOCIEDAD DE RESPONSABILIDAD LIMITADA;REINO UNIDO;NICARAGUA;ADUANA DE PEÑAS BLANCAS;Boro expresado (B) / Calcio expresado (CaO) / Nitrógeno Total expresado (N) / Zinc expresado (Zn) /
8106332;16/1/2025 14:43;Fertilizantes;3259;YARALIVA NITRABOR;23985;KILOGRAMOS;23985;14476,28;Exportación;ALDEAZON SOCIEDAD ANONIMA;YARA COSTA RICA SOCIEDAD DE RESPONSABILIDAD LIMITADA;NORUEGA;NICARAGUA;ADUANA DE PEÑAS BLANCAS;Boro expresado (B) / Calcio expresado (CaO) / Nitrógeno Total expresado (N) /
8106333;16/1/2025 14:47;Fertilizantes;3259;YARALIVA NITRABOR;23985;KILOGRAMOS;23985;14476,28;Exportación;ALDEAZON SOCIEDAD ANONIMA;YARA COSTA RICA SOCIEDAD DE RESPONSABILIDAD LIMITADA;NORUEGA;NICARAGUA;ADUANA DE PEÑAS BLANCAS;Boro expresado (B) / Calcio expresado (CaO) / Nitrógeno Total expresado (N) /
8106375;17/1/2025 10:34;Fertilizantes;EX 11641;Pelicano 16,8-0-24+2,5MgO+2S;30000;KILOGRAMOS;30000;13698,9;Exportación;CHIQUITA PANAMA L.L.C;ABONOS DEL PACIFICO SOCIEDAD ANONIMA;COSTA RICA;PANAMÁ;PUESTO SIXAOLA;Azufre expresado (S) / Magnesio expresado (MgO) / Nitrógeno Total expresado (N) / Potasio expresado (K2O) /
8106377;17/1/2025 10:54;Fertilizantes;EX 11641;Pelicano 16,8-0-24+2,5MgO+2S;30000;KILOGRAMOS;30000;13698,9;Exportación;CHIQUITA PANAMA L.L.C;ABONOS DEL PACIFICO SOCIEDAD ANONIMA;COSTA RICA;PANAMÁ;PUESTO SIXAOLA;Azufre expresado (S) / Magnesio expresado (MgO) / Nitrógeno Total expresado (N) / Potasio expresado (K2O) /
8106378;17/1/2025 10:58;Fertilizantes;EX 11641;Pelicano 16,8-0-24+2,5MgO+2S;30000;KILOGRAMOS;30000;13698,9;Exportación;CHIQUITA PANAMA L.L.C;ABONOS DEL PACIFICO SOCIEDAD ANONIMA;COSTA RICA;PANAMÁ;PUESTO SIXAOLA;Azufre expresado (S) / Magnesio expresado (MgO) / Nitrógeno Total expresado (N) / Potasio expresado (K2O) /
8106379;17/1/2025 11:13;Fertilizantes;EX 11641;Pelicano 16,8-0-24+2,5MgO+2S;30000;KILOGRAMOS;30000;13698,9;Exportación;CHIQUITA PANAMA L.L.C;ABONOS DEL PACIFICO SOCIEDAD ANONIMA;COSTA RICA;PANAMÁ;PUESTO SIXAOLA;Azufre expresado (S) / Magnesio expresado (MgO) / Nitrógeno Total expresado (N) / Potasio expresado (K2O) /
8106402;17/1/2025 16:07;Fertilizantes;7633;YaraMila Rafos UKI;27000;KILOGRAMOS;27000;22470;Exportación;EL RANCHERITO S.A.;YARA COSTA RICA SOCIEDAD DE RESPONSABILIDAD LIMITADA;FINLADIA;PANAMÁ;ADUANA DE PASO CANOAS;Azufre expresado (S) / Fósforo expresado (P2O5) / Hierro expresado (Fe) / Magnesio expresado (MgO) / Nitrógeno Total expresado (N) / Potasio expresado (K2O) / Zinc expresado (Zn) /
8106405;17/1/2025 16:17;Fertilizantes;7633;YaraMila Rafos UKI;27000;KILOGRAMOS;27000;22470;Exportación;EL RANCHERITO S.A.;YARA COSTA RICA SOCIEDAD DE RESPONSABILIDAD LIMITADA;FINLADIA;PANAMÁ;ADUANA DE PASO CANOAS;Azufre expresado (S) / Fósforo expresado (P2O5) / Hierro expresado (Fe) / Magnesio expresado (MgO) / Nitrógeno Total expresado (N) / Potasio expresado (K2O) / Zinc expresado (Zn) /
8106406;17/1/2025 16:22;Fertilizantes;3210;YaraBela Nitromag;27000;KILOGRAMOS;27000;16470;Exportación;EL RANCHERITO S.A.;YARA COSTA RICA SOCIEDAD DE RESPONSABILIDAD LIMITADA;HOLANDA (PAISES BAJOS);PANAMÁ;ADUANA DE PASO CANOAS;Calcio expresado (CaO) / Magnesio expresado (MgO) / Nitrógeno Total expresado (N) /
8106417;17/1/2025 17:54;Fertilizantes;2871;YaraVera Amidas;28800;KILOGRAMOS;28800;17582,4;Exportación;AGRO PRO PANAMA SA;YARA COSTA RICA SOCIEDAD DE RESPONSABILIDAD LIMITADA;HOLANDA (PAISES BAJOS);PANAMÁ;ADUANA DE PASO CANOAS;Azufre expresado (S) / Nitrógeno Total expresado (N) /
8106418;17/1/2025 18:47;Fertilizantes;2871;YaraVera Amidas;28800;KILOGRAMOS;28800;17582,4;Exportación;AGRO PRO PANAMA SA;YARA COSTA RICA SOCIEDAD DE RESPONSABILIDAD LIMITADA;HOLANDA (PAISES BAJOS);PANAMÁ;ADUANA DE PASO CANOAS;Azufre expresado (S) / Nitrógeno Total expresado (N) /
8106505;20/1/2025 17:19;Fertilizantes;EX 11641;Pelicano 16,8-0-24+2,5MgO+2S;30000;KILOGRAMOS;30000;13698,9;Exportación;CHIQUITA PANAMA L.L.C;ABONOS DEL PACIFICO SOCIEDAD ANONIMA;COSTA RICA;PANAMÁ;PUESTO SIXAOLA;Azufre expresado (S) / Magnesio expresado (MgO) / Nitrógeno Total expresado (N) / Potasio expresado (K2O) /
8106506;20/1/2025 17:24;Fertilizantes;EX 11641;Pelicano 16,8-0-24+2,5MgO+2S;30000;KILOGRAMOS;30000;13698,9;Exportación;CHIQUITA PANAMA L.L.C;ABONOS DEL PACIFICO SOCIEDAD ANONIMA;COSTA RICA;PANAMÁ;PUESTO SIXAOLA;Azufre expresado (S) / Magnesio expresado (MgO) / Nitrógeno Total expresado (N) / Potasio expresado (K2O) /
8106507;20/1/2025 17:27;Fertilizantes;EX 11641;Pelicano 16,8-0-24+2,5MgO+2S;23350;KILOGRAMOS;23350;10662,31;Exportación;CHIQUITA PANAMA L.L.C;ABONOS DEL PACIFICO SOCIEDAD ANONIMA;COSTA RICA;PANAMÁ;PUESTO SIXAOLA;Azufre expresado (S) / Magnesio expresado (MgO) / Nitrógeno Total expresado (N) / Potasio expresado (K2O) /
8106508;20/1/2025 17:33;Fertilizantes;EX 11641;Pelicano 16,8-0-24+2,5MgO+2S;30000;KILOGRAMOS;30000;13698,9;Exportación;CHIQUITA PANAMA L.L.C;ABONOS DEL PACIFICO SOCIEDAD ANONIMA;COSTA RICA;PANAMÁ;PUESTO SIXAOLA;Azufre expresado (S) / Magnesio expresado (MgO) / Nitrógeno Total expresado (N) / Potasio expresado (K2O) /
8106663;17/1/2025 11:39;Fertilizantes;7385;MOCAP 15 GR;22000;LITROS;22000;40000;Exportación;AMVAC DO BRASIL 3P LTDA / PUNTO VERDE S.A. PUNVERSA;AMVAC DE COSTA RICA SRL;COSTA RICA;BRASIL;ADUANA DE LIMÓN;Fósforo expresado (P2O5) / Potasio expresado (K2O) /
8106663;17/1/2025 11:39;Fertilizantes;7385;VAPAM;22000;LITROS;22000;40000;Exportación;AMVAC DO BRASIL 3P LTDA / PUNTO VERDE S.A. PUNVERSA;AMVAC DE COSTA RICA SRL;COSTA RICA;BRASIL;ADUANA DE LIMÓN;Fósforo expresado (P2O5) / Potasio expresado (K2O) /
8108052;21/1/2025 9:11;Fertilizantes;5154;BIOECO BIOABONO;28880;KILOGRAMOS;28880;1516,2;Exportación;BIOSOLUCIONES ECONATURALES SOCIEDAD ANONIMA;AGROFERTILIZANTES NERKIN SOCIEDAD ANONIMA;COSTA RICA;PANAMÁ;ADUANA DE PASO CANOAS;Ácidos Húmicos / Aminoácidos / Bacterias / Carbono Orgánico / Materia Orgánica /
8108322;13/1/2025 13:15;Fertilizantes;7574;COLONOFERTIL 15-3-31;29250;KILOGRAMOS;29250;13975;Exportación;EL COLONO AGROPECUARIO S.A.(PANAMA) / EL COLONO AGROPECUARIO S.A. (PANAMA);El Colono Agropecuario SA;COSTA RICA;PANAMÁ;ADUANA DE PASO CANOAS;Fósforo expresado (P2O5) / Nitrógeno Total expresado (N) / Potasio expresado (K2O) /
8108344;16/1/2025 16:30;Fertilizantes;6138;FERTILIZANTE BEST K;25;LITROS;25;24;Exportación;JORDACY CORPORATION SOCIEDAD ANONIMA;JORDACY CORPORATION SOCIEDAD ANONIMA;ESTADOS UNIDOS;GUATEMALA;ADUANA DE PEÑAS BLANCAS;Fósforo expresado (P2O5) / Potasio expresado (K2O) /
8108720;14/1/2025 14:03;Fertilizantes;592;Fertica Cloruro de Potasio;9000;KILOGRAMOS;9000;4004;Exportación;PRODUCTOS AGROQUÍMICOS DE CENTROAMERICA S.A.;FERTICA SA;RUSIA (FEDERACIÓN RUSA);PANAMÁ;ADUANA DE PASO CANOAS;Potasio expresado (K2O) /
8108721;14/1/2025 14:19;Fertilizantes;1413;Fertica 18-5-15-6-0.2(B)-2.5(S);12500;KILOGRAMOS;12500;10500;Exportación;PRODUCTOS AGROQUÍMICOS DE CENTROAMERICA S.A.;FERTICA SA;COSTA RICA;PANAMÁ;ADUANA DE PASO CANOAS;Azufre expresado (S) / Boro expresado (B) / Fósforo expresado (P2O5) / Magnesio expresado (MgO) / Nitrógeno Total expresado (N) / Potasio expresado (K2O) /
8112535;27/1/2025 15:28;Fertilizantes;2069;KADOSTIM 1 L;2500;LITROS;2500;19500;Exportación;ARYSTA LIFESCIENCE DE GUATEMALA;UPL COSTA RICA SA;COSTA RICA;GUATEMALA;ADUANA DE PEÑAS BLANCAS;Aminoácidos libres / Nitrógeno Total expresado (N) / Potasio expresado (K2O) /
8112535;27/1/2025 15:28;Fertilizantes;2070;FOSNUTREN 1 L;1500;LITROS;1500;5115;Exportación;ARYSTA LIFESCIENCE DE GUATEMALA;UPL COSTA RICA SA;COSTA RICA;GUATEMALA;ADUANA DE PEÑAS BLANCAS;Aminoácidos libres / Fósforo expresado (P2O5) / Nitrógeno Total expresado (N) /
8112535;27/1/2025 15:28;Fertilizantes;2067;HUMIFORTE 1 L;1500;LITROS;1500;6540;Exportación;ARYSTA LIFESCIENCE DE GUATEMALA;UPL COSTA RICA SA;COSTA RICA;GUATEMALA;ADUANA DE PEÑAS BLANCAS;Azufre expresado (S) / Boro expresado (B) / Fósforo expresado (P2O5) / Magnesio expresado (MgO) / Manganeso expresado (Mn) / Nitrógeno Total expresado (N) / Potasio expresado (K2O) / Zinc expresado (Zn) /
8112536;27/1/2025 15:50;Fertilizantes;2532;K-FOL 1 KG;5004;KILOGRAMOS;5004;13460,76;Exportación;ARYSTA LIFESCIENCE DE GUATEMALA SATax Juri;UPL COSTA RICA SA;MÉXICO;GUATEMALA;ADUANA DE PEÑAS BLANCAS;Azufre expresado (S) / Boro expresado (B) / Fósforo expresado (P2O5) / Giberelinas / Magnesio expresado (MgO) / Potasio expresado (K2O) /
8116189;21/1/2025 17:11;Fertilizantes;EX 11641;Pelicano 16,8-0-24+2,5MgO+2S;30000;KILOGRAMOS;30000;13698,9;Exportación;CHIQUITA PANAMA L.L.C;ABONOS DEL PACIFICO SOCIEDAD ANONIMA;COSTA RICA;PANAMÁ;PUESTO SIXAOLA;Azufre expresado (S) / Magnesio expresado (MgO) / Nitrógeno Total expresado (N) / Potasio expresado (K2O) /
8116192;21/1/2025 17:42;Fertilizantes;EX 11641;Pelicano 16,8-0-24+2,5MgO+2S;30000;KILOGRAMOS;30000;13698,9;Exportación;CHIQUITA PANAMA L.L.C;ABONOS DEL PACIFICO SOCIEDAD ANONIMA;COSTA RICA;PANAMÁ;PUESTO SIXAOLA;Azufre expresado (S) / Magnesio expresado (MgO) / Nitrógeno Total expresado (N) / Potasio expresado (K2O) /
8116193;21/1/2025 17:45;Fertilizantes;EX 11641;Pelicano 16,8-0-24+2,5MgO+2S;30000;KILOGRAMOS;30000;13698,9;Exportación;CHIQUITA PANAMA L.L.C;ABONOS DEL PACIFICO SOCIEDAD ANONIMA;COSTA RICA;PANAMÁ;PUESTO SIXAOLA;Azufre expresado (S) / Magnesio expresado (MgO) / Nitrógeno Total expresado (N) / Potasio expresado (K2O) /
8116194;21/1/2025 17:52;Fertilizantes;EX 11641;Pelicano 16,8-0-24+2,5MgO+2S;30000;KILOGRAMOS;30000;13698,9;Exportación;CHIQUITA PANAMA L.L.C;ABONOS DEL PACIFICO SOCIEDAD ANONIMA;COSTA RICA;PANAMÁ;PUESTO SIXAOLA;Azufre expresado (S) / Magnesio expresado (MgO) / Nitrógeno Total expresado (N) / Potasio expresado (K2O) /
8116195;21/1/2025 17:59;Fertilizantes;EX 11641;Pelicano 16,8-0-24+2,5MgO+2S;30000;KILOGRAMOS;30000;13698,9;Exportación;CHIQUITA PANAMA L.L.C;ABONOS DEL PACIFICO SOCIEDAD ANONIMA;COSTA RICA;PANAMÁ;PUESTO SIXAOLA;Azufre expresado (S) / Magnesio expresado (MgO) / Nitrógeno Total expresado (N) / Potasio expresado (K2O) /
8116196;21/1/2025 18:15;Fertilizantes;EX 11641;Pelicano 16,8-0-24+2,5MgO+2S;30000;KILOGRAMOS;30000;13698,9;Exportación;CHIQUITA PANAMA L.L.C;ABONOS DEL PACIFICO SOCIEDAD ANONIMA;COSTA RICA;PANAMÁ;PUESTO SIXAOLA;Azufre expresado (S) / Magnesio expresado (MgO) / Nitrógeno Total expresado (N) / Potasio expresado (K2O) /
8116197;21/1/2025 18:22;Fertilizantes;EX 11641;Pelicano 16,8-0-24+2,5MgO+2S;30000;KILOGRAMOS;30000;13698,9;Exportación;CHIQUITA PANAMA L.L.C;ABONOS DEL PACIFICO SOCIEDAD ANONIMA;COSTA RICA;PANAMÁ;PUESTO SIXAOLA;Azufre expresado (S) / Magnesio expresado (MgO) / Nitrógeno Total expresado (N) / Potasio expresado (K2O) /
8116198;21/1/2025 18:25;Fertilizantes;EX 11641;Pelicano 16,8-0-24+2,5MgO+2S;30000;KILOGRAMOS;30000;13698,9;Exportación;CHIQUITA PANAMA L.L.C;ABONOS DEL PACIFICO SOCIEDAD ANONIMA;COSTA RICA;PANAMÁ;PUESTO SIXAOLA;Azufre expresado (S) / Magnesio expresado (MgO) / Nitrógeno Total expresado (N) / Potasio expresado (K2O) /
8116199;21/1/2025 18:27;Fertilizantes;EX 11641;Pelicano 16,8-0-24+2,5MgO+2S;30000;KILOGRAMOS;30000;13698,9;Exportación;CHIQUITA PANAMA L.L.C;ABONOS DEL PACIFICO SOCIEDAD ANONIMA;COSTA RICA;PANAMÁ;PUESTO SIXAOLA;Azufre expresado (S) / Magnesio expresado (MgO) / Nitrógeno Total expresado (N) / Potasio expresado (K2O) /
8116265;22/1/2025 17:20;Fertilizantes;3259;YARALIVA NITRABOR;23985;KILOGRAMOS;23985;14550,9;Exportación;ALDEAZON SOCIEDAD ANONIMA;YARA COSTA RICA SOCIEDAD DE RESPONSABILIDAD LIMITADA;NORUEGA;NICARAGUA;ADUANA DE PEÑAS BLANCAS;Boro expresado (B) / Calcio expresado (CaO) / Nitrógeno Total expresado (N) /
8116266;22/1/2025 17:34;Fertilizantes;3259;YARALIVA NITRABOR;19485;KILOGRAMOS;19485;11820,9;Exportación;ALDEAZON SOCIEDAD ANONIMA;YARA COSTA RICA SOCIEDAD DE RESPONSABILIDAD LIMITADA;NORUEGA;NICARAGUA;ADUANA DE PEÑAS BLANCAS;Boro expresado (B) / Calcio expresado (CaO) / Nitrógeno Total expresado (N) /
8116266;22/1/2025 17:34;Fertilizantes;9510;YaraMila Nitrocomplex Plus;4500;KILOGRAMOS;4500;3395;Exportación;ALDEAZON SOCIEDAD ANONIMA;YARA COSTA RICA SOCIEDAD DE RESPONSABILIDAD LIMITADA;NORUEGA;NICARAGUA;ADUANA DE PEÑAS BLANCAS;Azufre expresado (S) / Fósforo expresado (P2O5) / Magnesio expresado (MgO) / Nitrógeno Total expresado (N) / Potasio expresado (K2O) / Zinc expresado (Zn) /
8116267;22/1/2025 17:58;Fertilizantes;3259;YARALIVA NITRABOR;23985;KILOGRAMOS;23985;14550,9;Exportación;ALDEAZON SOCIEDAD ANONIMA;YARA COSTA RICA SOCIEDAD DE RESPONSABILIDAD LIMITADA;NORUEGA;NICARAGUA;ADUANA DE PEÑAS BLANCAS;Boro expresado (B) / Calcio expresado (CaO) / Nitrógeno Total expresado (N) /
8116268;22/1/2025 18:13;Fertilizantes;3259;YARALIVA NITRABOR;23985;KILOGRAMOS;23985;14550,9;Exportación;ALDEAZON SOCIEDAD ANONIMA;YARA COSTA RICA SOCIEDAD DE RESPONSABILIDAD LIMITADA;NORUEGA;NICARAGUA;ADUANA DE PEÑAS BLANCAS;Boro expresado (B) / Calcio expresado (CaO) / Nitrógeno Total expresado (N) /
8116288;23/1/2025 12:27;Fertilizantes;EX 11641;Pelicano 16,8-0-24+2,5MgO+2S;30000;KILOGRAMOS;30000;13698,9;Exportación;CHIQUITA PANAMA L.L.C;ABONOS DEL PACIFICO SOCIEDAD ANONIMA;COSTA RICA;PANAMÁ;PUESTO SIXAOLA;Azufre expresado (S) / Magnesio expresado (MgO) / Nitrógeno Total expresado (N) / Potasio expresado (K2O) /
8116289;23/1/2025 12:31;Fertilizantes;EX 11641;Pelicano 16,8-0-24+2,5MgO+2S;30000;KILOGRAMOS;30000;13698,9;Exportación;CHIQUITA PANAMA L.L.C;ABONOS DEL PACIFICO SOCIEDAD ANONIMA;COSTA RICA;PANAMÁ;PUESTO SIXAOLA;Azufre expresado (S) / Magnesio expresado (MgO) / Nitrógeno Total expresado (N) / Potasio expresado (K2O) /
8116290;23/1/2025 12:35;Fertilizantes;EX 11641;Pelicano 16,8-0-24+2,5MgO+2S;30000;KILOGRAMOS;30000;13698,9;Exportación;CHIQUITA PANAMA L.L.C;ABONOS DEL PACIFICO SOCIEDAD ANONIMA;COSTA RICA;PANAMÁ;PUESTO SIXAOLA;Azufre expresado (S) / Magnesio expresado (MgO) / Nitrógeno Total expresado (N) / Potasio expresado (K2O) /
8116291;23/1/2025 12:38;Fertilizantes;EX 11641;Pelicano 16,8-0-24+2,5MgO+2S;30000;KILOGRAMOS;30000;13698,9;Exportación;CHIQUITA PANAMA L.L.C;ABONOS DEL PACIFICO SOCIEDAD ANONIMA;COSTA RICA;PANAMÁ;PUESTO SIXAOLA;Azufre expresado (S) / Magnesio expresado (MgO) / Nitrógeno Total expresado (N) / Potasio expresado (K2O) /
8116293;23/1/2025 12:42;Fertilizantes;EX 11641;Pelicano 16,8-0-24+2,5MgO+2S;30000;KILOGRAMOS;30000;13698,9;Exportación;CHIQUITA PANAMA L.L.C;ABONOS DEL PACIFICO SOCIEDAD ANONIMA;COSTA RICA;PANAMÁ;PUESTO SIXAOLA;Azufre expresado (S) / Magnesio expresado (MgO) / Nitrógeno Total expresado (N) / Potasio expresado (K2O) /
8116311;24/1/2025 6:31;Fertilizantes;3424;YaraMila Complex;27000;KILOGRAMOS;27000;26220;Exportación;EL RANCHERITO S.A.;YARA COSTA RICA SOCIEDAD DE RESPONSABILIDAD LIMITADA;NORUEGA;PANAMÁ;ADUANA DE PASO CANOAS;Azufre expresado (S) / Boro expresado (B) / Fósforo expresado (P2O5) / Hierro expresado (Fe) / Magnesio expresado (MgO) / Manganeso expresado (Mn) / Nitrógeno Total expresado (N) / Potasio expresado (K2O) / Zinc expresado (Zn) /
8116312;24/1/2025 6:39;Fertilizantes;7633;YaraMila Rafos UKI;27000;KILOGRAMOS;27000;22470;Exportación;EL RANCHERITO S.A.;YARA COSTA RICA SOCIEDAD DE RESPONSABILIDAD LIMITADA;FINLADIA;PANAMÁ;ADUANA DE PASO CANOAS;Azufre expresado (S) / Fósforo expresado (P2O5) / Hierro expresado (Fe) / Magnesio expresado (MgO) / Nitrógeno Total expresado (N) / Potasio expresado (K2O) / Zinc expresado (Zn) /
8116313;24/1/2025 6:47;Fertilizantes;10055;YARAMILA AVANSERE;15000;KILOGRAMOS;15000;12525;Exportación;EL RANCHERITO S.A.;YARA COSTA RICA SOCIEDAD DE RESPONSABILIDAD LIMITADA;COSTA RICA;PANAMÁ;ADUANA DE PASO CANOAS;Azufre expresado (S) / Boro expresado (B) / Calcio expresado (CaO) / Fósforo expresado (P2O5) / Magnesio expresado (MgO) / Nitrógeno Total expresado (N) / Potasio expresado (K2O) / Zinc expresado (Zn) /
8116313;24/1/2025 6:47;Fertilizantes;2871;YARAVERA AMIDAS;13500;KILOGRAMOS;13500;9210;Exportación;EL RANCHERITO S.A.;YARA COSTA RICA SOCIEDAD DE RESPONSABILIDAD LIMITADA;HOLANDA (PAISES BAJOS);PANAMÁ;ADUANA DE PASO CANOAS;Azufre expresado (S) / Nitrógeno Total expresado (N) /
8116314;24/1/2025 7:03;Fertilizantes;7633;YARAMILA RAFOS UKI;27000;KILOGRAMOS;27000;22470;Exportación;AGRO PRO PANAMA SA;YARA COSTA RICA SOCIEDAD DE RESPONSABILIDAD LIMITADA;FINLADIA;PANAMÁ;ADUANA DE PASO CANOAS;Azufre expresado (S) / Fósforo expresado (P2O5) / Hierro expresado (Fe) / Magnesio expresado (MgO) / Nitrógeno Total expresado (N) / Potasio expresado (K2O) / Zinc expresado (Zn) /
8116316;24/1/2025 7:10;Fertilizantes;3235;YARAMILA HYDRAN;13500;KILOGRAMOS;13500;10110;Exportación;AGRO PRO PANAMA SA;YARA COSTA RICA SOCIEDAD DE RESPONSABILIDAD LIMITADA;NORUEGA;PANAMÁ;ADUANA DE PASO CANOAS;Azufre expresado (S) / Boro expresado (B) / Fósforo expresado (P2O5) / Magnesio expresado (MgO) / Nitrógeno Total expresado (N) / Potasio expresado (K2O) / Zinc expresado (Zn) /
8116316;24/1/2025 7:10;Fertilizantes;3424;YaraMila Complex;13500;KILOGRAMOS;13500;13110;Exportación;AGRO PRO PANAMA SA;YARA COSTA RICA SOCIEDAD DE RESPONSABILIDAD LIMITADA;NORUEGA;PANAMÁ;ADUANA DE PASO CANOAS;Azufre expresado (S) / Boro expresado (B) / Fósforo expresado (P2O5) / Hierro expresado (Fe) / Magnesio expresado (MgO) / Manganeso expresado (Mn) / Nitrógeno Total expresado (N) / Potasio expresado (K2O) / Zinc expresado (Zn) /
8116316;24/1/2025 7:10;Fertilizantes;362;YaraVita Magzibor;449,1;LITROS;449,1;3047,01;Exportación;AGRO PRO PANAMA SA;YARA COSTA RICA SOCIEDAD DE RESPONSABILIDAD LIMITADA;REINO UNIDO;PANAMÁ;ADUANA DE PASO CANOAS;Boro expresado (B) / Magnesio expresado (MgO) / Nitrógeno Total expresado (N) / Zinc expresado (Zn) /
8116316;24/1/2025 7:10;Fertilizantes;178;Yara Vita Zintrac;1734;LITROS;1734;11221,7;Exportación;AGRO PRO PANAMA SA;YARA COSTA RICA SOCIEDAD DE RESPONSABILIDAD LIMITADA;REINO UNIDO;PANAMÁ;ADUANA DE PASO CANOAS;Nitrógeno Total expresado (N) / Zinc expresado (Zn) /
8116316;24/1/2025 7:10;Fertilizantes;6450;YARAVITA LAST N;375;LITROS;375;2862,3;Exportación;AGRO PRO PANAMA SA;YARA COSTA RICA SOCIEDAD DE RESPONSABILIDAD LIMITADA;REINO UNIDO;PANAMÁ;ADUANA DE PASO CANOAS;Nitrógeno Total expresado (N) /
8116318;24/1/2025 7:49;Fertilizantes;7633;YaraMila Rafos UKI;18000;KILOGRAMOS;18000;15000;Exportación;AGRO PRO PANAMA SA;YARA COSTA RICA SOCIEDAD DE RESPONSABILIDAD LIMITADA;FINLADIA;PANAMÁ;ADUANA DE PASO CANOAS;Azufre expresado (S) / Fósforo expresado (P2O5) / Hierro expresado (Fe) / Magnesio expresado (MgO) / Nitrógeno Total expresado (N) / Potasio expresado (K2O) / Zinc expresado (Zn) /
8116318;24/1/2025 7:49;Fertilizantes;3424;YARAMILA COMPLEX;9000;KILOGRAMOS;9000;8750;Exportación;AGRO PRO PANAMA SA;YARA COSTA RICA SOCIEDAD DE RESPONSABILIDAD LIMITADA;NORUEGA;PANAMÁ;ADUANA DE PASO CANOAS;Azufre expresado (S) / Boro expresado (B) / Fósforo expresado (P2O5) / Hierro expresado (Fe) / Magnesio expresado (MgO) / Manganeso expresado (Mn) / Nitrógeno Total expresado (N) / Potasio expresado (K2O) / Zinc expresado (Zn) /
8116379;27/1/2025 8:21;Fertilizantes;3259;YARALIVA NITRABOR;23040;KILOGRAMOS;23040;13977,6;Exportación;ALDEAZON SOCIEDAD ANONIMA;YARA COSTA RICA SOCIEDAD DE RESPONSABILIDAD LIMITADA;NORUEGA;NICARAGUA;ADUANA DE PEÑAS BLANCAS;Boro expresado (B) / Calcio expresado (CaO) / Nitrógeno Total expresado (N) /
8116379;27/1/2025 8:21;Fertilizantes;362;YaraVita Magzibor 1L;748,5;LITROS;748,5;5600;Exportación;ALDEAZON SOCIEDAD ANONIMA;YARA COSTA RICA SOCIEDAD DE RESPONSABILIDAD LIMITADA;REINO UNIDO;NICARAGUA;ADUANA DE PEÑAS BLANCAS;Boro expresado (B) / Magnesio expresado (MgO) / Nitrógeno Total expresado (N) / Zinc expresado (Zn) /
8116379;27/1/2025 8:21;Fertilizantes;362;YaraVita Magzibor 10L;149,7;LITROS;149,7;1035,4;Exportación;ALDEAZON SOCIEDAD ANONIMA;YARA COSTA RICA SOCIEDAD DE RESPONSABILIDAD LIMITADA;REINO UNIDO;NICARAGUA;ADUANA DE PEÑAS BLANCAS;Boro expresado (B) / Magnesio expresado (MgO) / Nitrógeno Total expresado (N) / Zinc expresado (Zn) /
8116380;27/1/2025 8:37;Fertilizantes;3259;YARALIVA NITRABOR;23985;KILOGRAMOS;23985;14550,9;Exportación;ALDEAZON SOCIEDAD ANONIMA;YARA COSTA RICA SOCIEDAD DE RESPONSABILIDAD LIMITADA;NORUEGA;NICARAGUA;ADUANA DE PEÑAS BLANCAS;Boro expresado (B) / Calcio expresado (CaO) / Nitrógeno Total expresado (N) /
8116382;27/1/2025 8:43;Fertilizantes;3259;YARALIVA NITRABOR;23985;KILOGRAMOS;23985;14550,9;Exportación;ALDEAZON SOCIEDAD ANONIMA;YARA COSTA RICA SOCIEDAD DE RESPONSABILIDAD LIMITADA;NORUEGA;NICARAGUA;ADUANA DE PEÑAS BLANCAS;Boro expresado (B) / Calcio expresado (CaO) / Nitrógeno Total expresado (N) /
8116412;27/1/2025 8:54;Fertilizantes;3210;YaraBela Nitromag;3150;KILOGRAMOS;3150;1919,4;Exportación;MERCADEO Y DISTRIBUCIONES AGROPECUARIAS BONA FIDE S.A;YARA COSTA RICA SOCIEDAD DE RESPONSABILIDAD LIMITADA;HOLANDA (PAISES BAJOS);NICARAGUA;ADUANA DE PEÑAS BLANCAS;Calcio expresado (CaO) / Magnesio expresado (MgO) / Nitrógeno Total expresado (N) /
8116412;27/1/2025 8:54;Fertilizantes;3259;YaraLiva Nitrabor;8100;KILOGRAMOS;8100;5025,6;Exportación;MERCADEO Y DISTRIBUCIONES AGROPECUARIAS BONA FIDE S.A;YARA COSTA RICA SOCIEDAD DE RESPONSABILIDAD LIMITADA;NORUEGA;NICARAGUA;ADUANA DE PEÑAS BLANCAS;Boro expresado (B) / Calcio expresado (CaO) / Nitrógeno Total expresado (N) /
8116412;27/1/2025 8:54;Fertilizantes;3424;YaraMila Complex;5400;KILOGRAMOS;5400;5298;Exportación;MERCADEO Y DISTRIBUCIONES AGROPECUARIAS BONA FIDE S.A;YARA COSTA RICA SOCIEDAD DE RESPONSABILIDAD LIMITADA;NORUEGA;NICARAGUA;ADUANA DE PEÑAS BLANCAS;Azufre expresado (S) / Boro expresado (B) / Fósforo expresado (P2O5) / Hierro expresado (Fe) / Magnesio expresado (MgO) / Manganeso expresado (Mn) / Nitrógeno Total expresado (N) / Potasio expresado (K2O) / Zinc expresado (Zn) /
8116412;27/1/2025 8:54;Fertilizantes;2863;YARALIVA CALCINIT //YarateraCalcinit15,5-0- 0-26;2500;KILOGRAMOS;2500;1790;Exportación;MERCADEO Y DISTRIBUCIONES AGROPECUARIAS BONA FIDE S.A;YARA COSTA RICA SOCIEDAD DE RESPONSABILIDAD LIMITADA;NORUEGA;NICARAGUA;ADUANA DE PEÑAS BLANCAS;Calcio expresado (CaO) / Nitrógeno Total expresado (N) /
8116412;27/1/2025 8:54;Fertilizantes;3235;YaraMila Hydran;4410;KILOGRAMOS;4410;3370,22;Exportación;MERCADEO Y DISTRIBUCIONES AGROPECUARIAS BONA FIDE S.A;YARA COSTA RICA SOCIEDAD DE RESPONSABILIDAD LIMITADA;NORUEGA;NICARAGUA;ADUANA DE PEÑAS BLANCAS;Azufre expresado (S) / Boro expresado (B) / Fósforo expresado (P2O5) / Magnesio expresado (MgO) / Nitrógeno Total expresado (N) / Potasio expresado (K2O) / Zinc expresado (Zn) /
8116412;27/1/2025 8:54;Fertilizantes;362;Yara vita Magzibor 1L;149,7;LITROS;149,7;1202;Exportación;MERCADEO Y DISTRIBUCIONES AGROPECUARIAS BONA FIDE S.A;YARA COSTA RICA SOCIEDAD DE RESPONSABILIDAD LIMITADA;REINO UNIDO;NICARAGUA;ADUANA DE PEÑAS BLANCAS;Boro expresado (B) / Magnesio expresado (MgO) / Nitrógeno Total expresado (N) / Zinc expresado (Zn) /
8116412;27/1/2025 8:54;Fertilizantes;178;YARAVITA ZINTRAC;86,7;LITROS;86,7;593,5;Exportación;MERCADEO Y DISTRIBUCIONES AGROPECUARIAS BONA FIDE S.A;YARA COSTA RICA SOCIEDAD DE RESPONSABILIDAD LIMITADA;REINO UNIDO;NICARAGUA;ADUANA DE PEÑAS BLANCAS;Nitrógeno Total expresado (N) / Zinc expresado (Zn) /
8116412;27/1/2025 8:54;Fertilizantes;362;YaraVita Magzibor 10L;149,7;LITROS;149,7;1082,3;Exportación;MERCADEO Y DISTRIBUCIONES AGROPECUARIAS BONA FIDE S.A;YARA COSTA RICA SOCIEDAD DE RESPONSABILIDAD LIMITADA;REINO UNIDO;NICARAGUA;ADUANA DE PEÑAS BLANCAS;Boro expresado (B) / Magnesio expresado (MgO) / Nitrógeno Total expresado (N) / Zinc expresado (Zn) /
8116441;27/1/2025 15:47;Fertilizantes;EX 11641;Pelicano 16,8-0-24+2,5MgO+2S;30000;KILOGRAMOS;30000;13698,9;Exportación;CHIQUITA PANAMA L.L.C;ABONOS DEL PACIFICO SOCIEDAD ANONIMA;COSTA RICA;PANAMÁ;PUESTO SIXAOLA;Azufre expresado (S) / Magnesio expresado (MgO) / Nitrógeno Total expresado (N) / Potasio expresado (K2O) /
8116442;27/1/2025 15:52;Fertilizantes;EX 11641;Pelicano 16,8-0-24+2,5MgO+2S;30000;KILOGRAMOS;30000;13698,9;Exportación;CHIQUITA PANAMA L.L.C;ABONOS DEL PACIFICO SOCIEDAD ANONIMA;COSTA RICA;PANAMÁ;PUESTO SIXAOLA;Azufre expresado (S) / Magnesio expresado (MgO) / Nitrógeno Total expresado (N) / Potasio expresado (K2O) /
8116443;27/1/2025 15:58;Fertilizantes;EX 11641;Pelicano 16,8-0-24+2,5MgO+2S;30000;KILOGRAMOS;30000;13698,9;Exportación;CHIQUITA PANAMA L.L.C;ABONOS DEL PACIFICO SOCIEDAD ANONIMA;COSTA RICA;PANAMÁ;PUESTO SIXAOLA;Azufre expresado (S) / Magnesio expresado (MgO) / Nitrógeno Total expresado (N) / Potasio expresado (K2O) /
8116444;27/1/2025 16:03;Fertilizantes;EX 11641;Pelicano 16,8-0-24+2,5MgO+2S;30000;KILOGRAMOS;30000;13698,9;Exportación;CHIQUITA PANAMA L.L.C;ABONOS DEL PACIFICO SOCIEDAD ANONIMA;COSTA RICA;PANAMÁ;PUESTO SIXAOLA;Azufre expresado (S) / Magnesio expresado (MgO) / Nitrógeno Total expresado (N) / Potasio expresado (K2O) /
8116445;27/1/2025 16:12;Fertilizantes;EX 11641;Pelicano 16,8-0-24+2,5MgO+2S;30000;KILOGRAMOS;30000;13698,9;Exportación;CHIQUITA PANAMA L.L.C;ABONOS DEL PACIFICO SOCIEDAD ANONIMA;COSTA RICA;PANAMÁ;PUESTO SIXAOLA;Azufre expresado (S) / Magnesio expresado (MgO) / Nitrógeno Total expresado (N) / Potasio expresado (K2O) /
8116446;27/1/2025 16:17;Fertilizantes;EX 11641;Pelicano 16,8-0-24+2,5MgO+2S;30000;KILOGRAMOS;30000;13698,9;Exportación;CHIQUITA PANAMA L.L.C;ABONOS DEL PACIFICO SOCIEDAD ANONIMA;COSTA RICA;PANAMÁ;PUESTO SIXAOLA;Azufre expresado (S) / Magnesio expresado (MgO) / Nitrógeno Total expresado (N) / Potasio expresado (K2O) /
8116447;27/1/2025 16:20;Fertilizantes;EX 11641;Pelicano 16,8-0-24+2,5MgO+2S;30000;KILOGRAMOS;30000;13698,9;Exportación;CHIQUITA PANAMA L.L.C;ABONOS DEL PACIFICO SOCIEDAD ANONIMA;COSTA RICA;PANAMÁ;PUESTO SIXAOLA;Azufre expresado (S) / Magnesio expresado (MgO) / Nitrógeno Total expresado (N) / Potasio expresado (K2O) /
8116449;27/1/2025 16:25;Fertilizantes;EX 11641;Pelicano 16,8-0-24+2,5MgO+2S;28350;KILOGRAMOS;28350;12945,46;Exportación;CHIQUITA PANAMA L.L.C;ABONOS DEL PACIFICO SOCIEDAD ANONIMA;COSTA RICA;PANAMÁ;PUESTO SIXAOLA;Azufre expresado (S) / Magnesio expresado (MgO) / Nitrógeno Total expresado (N) / Potasio expresado (K2O) /
8116451;27/1/2025 16:32;Fertilizantes;EX 11641;Pelicano 16,8-0-24+2,5MgO+2S;30000;KILOGRAMOS;30000;13698,9;Exportación;CHIQUITA PANAMA L.L.C;ABONOS DEL PACIFICO SOCIEDAD ANONIMA;COSTA RICA;PANAMÁ;PUESTO SIXAOLA;Azufre expresado (S) / Magnesio expresado (MgO) / Nitrógeno Total expresado (N) / Potasio expresado (K2O) /
8116567;29/1/2025 14:08;Fertilizantes;EX 11641;Pelicano 16,8-0-24+2,5MgO+2S;30000;KILOGRAMOS;30000;13698,9;Exportación;CHIQUITA PANAMA L.L.C;ABONOS DEL PACIFICO SOCIEDAD ANONIMA;COSTA RICA;PANAMÁ;PUESTO SIXAOLA;Azufre expresado (S) / Magnesio expresado (MgO) / Nitrógeno Total expresado (N) / Potasio expresado (K2O) /
8116568;29/1/2025 14:12;Fertilizantes;EX 11641;Pelicano 16,8-0-24+2,5MgO+2S;30000;KILOGRAMOS;30000;13698,9;Exportación;CHIQUITA PANAMA L.L.C;ABONOS DEL PACIFICO SOCIEDAD ANONIMA;COSTA RICA;PANAMÁ;PUESTO SIXAOLA;Azufre expresado (S) / Magnesio expresado (MgO) / Nitrógeno Total expresado (N) / Potasio expresado (K2O) /
8116569;29/1/2025 14:17;Fertilizantes;EX 11641;Pelicano 16,8-0-24+2,5MgO+2S;30000;KILOGRAMOS;30000;13698,9;Exportación;CHIQUITA PANAMA L.L.C;ABONOS DEL PACIFICO SOCIEDAD ANONIMA;COSTA RICA;PANAMÁ;PUESTO SIXAOLA;Azufre expresado (S) / Magnesio expresado (MgO) / Nitrógeno Total expresado (N) / Potasio expresado (K2O) /
8116570;29/1/2025 14:21;Fertilizantes;EX 11641;Pelicano 16,8-0-24+2,5MgO+2S;30000;KILOGRAMOS;30000;13698,9;Exportación;CHIQUITA PANAMA L.L.C;ABONOS DEL PACIFICO SOCIEDAD ANONIMA;COSTA RICA;PANAMÁ;PUESTO SIXAOLA;Azufre expresado (S) / Magnesio expresado (MgO) / Nitrógeno Total expresado (N) / Potasio expresado (K2O) /
8116587;29/1/2025 17:42;Fertilizantes;3259;YARALIVA NITRABOR;19035;KILOGRAMOS;19035;11547,9;Exportación;ALDEAZON SOCIEDAD ANONIMA;YARA COSTA RICA SOCIEDAD DE RESPONSABILIDAD LIMITADA;NORUEGA;NICARAGUA;ADUANA DE PEÑAS BLANCAS;Boro expresado (B) / Calcio expresado (CaO) / Nitrógeno Total expresado (N) /
8116587;29/1/2025 17:42;Fertilizantes;362;YaraVita Magzibor 1L;2994;LITROS;2994;22400;Exportación;ALDEAZON SOCIEDAD ANONIMA;YARA COSTA RICA SOCIEDAD DE RESPONSABILIDAD LIMITADA;REINO UNIDO;NICARAGUA;ADUANA DE PEÑAS BLANCAS;Boro expresado (B) / Magnesio expresado (MgO) / Nitrógeno Total expresado (N) / Zinc expresado (Zn) /
8116587;29/1/2025 17:42;Fertilizantes;362;YaraVita Magzibor 10L;299,4;LITROS;299,4;2070,8;Exportación;ALDEAZON SOCIEDAD ANONIMA;YARA COSTA RICA SOCIEDAD DE RESPONSABILIDAD LIMITADA;REINO UNIDO;NICARAGUA;ADUANA DE PEÑAS BLANCAS;Boro expresado (B) / Magnesio expresado (MgO) / Nitrógeno Total expresado (N) / Zinc expresado (Zn) /
8116587;29/1/2025 17:42;Fertilizantes;83;YARA VITA AGRIPOTASH;1244;LITROS;1244;8048;Exportación;ALDEAZON SOCIEDAD ANONIMA;YARA COSTA RICA SOCIEDAD DE RESPONSABILIDAD LIMITADA;REINO UNIDO;NICARAGUA;ADUANA DE PEÑAS BLANCAS;Fósforo expresado (P2O5) / Potasio expresado (K2O) /
8116588;29/1/2025 18:26;Fertilizantes;3259;YARALIVA NITRABOR;23985;KILOGRAMOS;23985;14550,9;Exportación;ALDEAZON SOCIEDAD ANONIMA;YARA COSTA RICA SOCIEDAD DE RESPONSABILIDAD LIMITADA;NORUEGA;NICARAGUA;ADUANA DE PEÑAS BLANCAS;Boro expresado (B) / Calcio expresado (CaO) / Nitrógeno Total expresado (N) /
8116700;23/1/2025 11:12;Fertilizantes;7538;Colono Fertil NA 33,5-0-0, Reg Panama #8246, Reg CR #7538;25920;KILOGRAMOS;25920;12672;Exportación;EL COLONO AGROPECUARIO S.A.(PANAMA) / EL COLONO AGROPECUARIO S.A. (PANAMA);El Colono Agropecuario SA;RUSIA (FEDERACIÓN RUSA);PANAMÁ;ADUANA DE PASO CANOAS;Nitrógeno Total expresado (N) /
8116701;23/1/2025 11:19;Fertilizantes;6832;Colono Fertil 16-5-23 Silicatada, Reg Panama #8860, Reg CR #6832 / Azufre expresado (S), Calcio expresado (CaO), Fósforo expresado (P2O5), Magnesio expresado (MgO), Nitrógeno Total expresado (N), Potasio expresado (K2O), Silicio expresado (SiO2), Inertes,;25920;KILOGRAMOS;25920;12096;Exportación;EL COLONO AGROPECUARIO S.A.(PANAMA) / EL COLONO AGROPECUARIO S.A. (PANAMA);El Colono Agropecuario SA;COSTA RICA;PANAMÁ;ADUANA DE PASO CANOAS;Azufre expresado (S) / Calcio expresado (CaO) / Fósforo expresado (P2O5) / Magnesio expresado (MgO) / Nitrógeno Total expresado (N) / Potasio expresado (K2O) / Silicio expresado (SiO2) / Inertes /
8116702;23/1/2025 11:26;Fertilizantes;8143;Colono Fertil KCL 0-0-62, Reg Panama #7954, Reg CR #8143;14750;KILOGRAMOS;14750;7080;Exportación;EL COLONO AGROPECUARIO S.A.(PANAMA) / EL COLONO AGROPECUARIO S.A. (PANAMA);El Colono Agropecuario SA;BELARÚS (BIELORRUSIA);PANAMÁ;ADUANA DE PASO CANOAS;Potasio expresado (K2O) /
8116702;23/1/2025 11:26;Fertilizantes;7576;Colon Fertil 12-24-12 Reg Panama #8241, Reg CR #7576 / Fósforo expresado (P2O5), Nitrógeno Total expresado (N), Potasio expresado (K2O),;11250;KILOGRAMOS;11250;5750;Exportación;EL COLONO AGROPECUARIO S.A.(PANAMA) / EL COLONO AGROPECUARIO S.A. (PANAMA);El Colono Agropecuario SA;COSTA RICA;PANAMÁ;ADUANA DE PASO CANOAS;Fósforo expresado (P2O5) / Nitrógeno Total expresado (N) / Potasio expresado (K2O) /
8116716;27/1/2025 11:38;Fertilizantes;4637;FERT. FOSFO K EXTRA;13800;LITROS;13800;25000;Exportación;AGRICENTER HONDURAS S.A.;AMVAC DE COSTA RICA SRL;COSTA RICA;HONDURAS;ADUANA DE PEÑAS BLANCAS;Fósforo expresado (P2O5) / Potasio expresado (K2O) /
8116717;27/1/2025 14:50;Fertilizantes;7575;Colono Fertil 26-0-26, Reg Panama #8239, Reg CR #7575;26000;KILOGRAMOS;26000;12131,6;Exportación;EL COLONO AGROPECUARIO S.A.(PANAMA) / EL COLONO AGROPECUARIO S.A. (PANAMA);El Colono Agropecuario SA;COSTA RICA;PANAMÁ;ADUANA DE PASO CANOAS;Nitrógeno Total expresado (N) / Potasio expresado (K2O) /
8116718;27/1/2025 14:58;Fertilizantes;7575;Colono Fertil 26-0-26, Reg Panama #8239, Reg CR #7575;26000;KILOGRAMOS;26000;12131,6;Exportación;EL COLONO AGROPECUARIO S.A.(PANAMA) / EL COLONO AGROPECUARIO S.A. (PANAMA);El Colono Agropecuario SA;COSTA RICA;PANAMÁ;ADUANA DE PASO CANOAS;Nitrógeno Total expresado (N) / Potasio expresado (K2O) /
8116719;27/1/2025 15:01;Fertilizantes;7575;Colono Fertil 26-0-26, Reg Panama #8239, Reg CR #7575;26000;KILOGRAMOS;26000;12131,6;Exportación;EL COLONO AGROPECUARIO S.A.(PANAMA) / EL COLONO AGROPECUARIO S.A. (PANAMA);El Colono Agropecuario SA;COSTA RICA;PANAMÁ;ADUANA DE PASO CANOAS;Nitrógeno Total expresado (N) / Potasio expresado (K2O) /
8116720;27/1/2025 15:07;Fertilizantes;7575;Colono Fertil 26-0-26, Reg Panama #8239, Reg CR #7575;12000;KILOGRAMOS;12000;5599,2;Exportación;EL COLONO AGROPECUARIO S.A.(PANAMA) / EL COLONO AGROPECUARIO S.A. (PANAMA);El Colono Agropecuario SA;COSTA RICA;PANAMÁ;ADUANA DE PASO CANOAS;Nitrógeno Total expresado (N) / Potasio expresado (K2O) /
8116720;27/1/2025 15:07;Fertilizantes;8066;Colono Fertil Sulfato de Amonio, Reg Panama #7953, Reg CR #8066;13995;KILOGRAMOS;13995;4354;Exportación;EL COLONO AGROPECUARIO S.A.(PANAMA) / EL COLONO AGROPECUARIO S.A. (PANAMA);El Colono Agropecuario SA;CHINA;PANAMÁ;ADUANA DE PASO CANOAS;Azufre expresado (S) / Nitrógeno Total expresado (N) /
8116741;31/1/2025 10:39;Fertilizantes;8695;Colono Fertil Sulfato de Magnesio Hepta, Reg Panama #8557, Reg CR #8695;26000;KILOGRAMOS;26000;5720;Exportación;EL COLONO AGROPECUARIO S.A.(PANAMA) / EL COLONO AGROPECUARIO S.A. (PANAMA);El Colono Agropecuario SA;CHINA;PANAMÁ;ADUANA DE PASO CANOAS;Azufre expresado (S) / Magnesio expresado (MgO) /
8116742;31/1/2025 10:46;Fertilizantes;7576;Colono Fertil 12-24-12 Reg Panama #8241, Reg CR #7576;12465;KILOGRAMOS;12465;6371;Exportación;EL COLONO AGROPECUARIO S.A.(PANAMA) / EL COLONO AGROPECUARIO S.A. (PANAMA);El Colono Agropecuario SA;COSTA RICA;PANAMÁ;ADUANA DE PASO CANOAS;Fósforo expresado (P2O5) / Nitrógeno Total expresado (N) / Potasio expresado (K2O) /
8116742;31/1/2025 10:46;Fertilizantes;8143;Colono Fertil KCL 0-0-62, Reg Panama #7954,Reg CR #8143;13500;KILOGRAMOS;13500;6480;Exportación;EL COLONO AGROPECUARIO S.A.(PANAMA) / EL COLONO AGROPECUARIO S.A. (PANAMA);El Colono Agropecuario SA;BELARÚS (BIELORRUSIA);PANAMÁ;ADUANA DE PASO CANOAS;Potasio expresado (K2O) /
8116743;31/1/2025 10:53;Fertilizantes;6832;Colono Fertil 16-5-23 Silicatada, Reg Panama #8860, Reg CR #6832 / Azufre expresado (S), Calcio expresado (CaO), Fósforo expresado (P2O5), Magnesio expresado (MgO), Nitrógeno Total expresado (N), Potasio expresado (K2O), Silicio expresado (SiO2), Inertes,;25920;KILOGRAMOS;25920;11520;Exportación;EL COLONO AGROPECUARIO S.A.(PANAMA) / EL COLONO AGROPECUARIO S.A. (PANAMA);El Colono Agropecuario SA;COSTA RICA;PANAMÁ;ADUANA DE PASO CANOAS;Azufre expresado (S) / Calcio expresado (CaO) / Fósforo expresado (P2O5) / Magnesio expresado (MgO) / Nitrógeno Total expresado (N) / Potasio expresado (K2O) / Silicio expresado (SiO2) / Inertes /
8116785;31/1/2025 13:57;Fertilizantes;8979;Calfruit;6;LITROS;6;85,05;Exportación;WOLVERAGRO SRL;INROSUR SOCIEDAD DE RESPONSABILIDAD LIMITADA;COSTA RICA;REPÚBLICA DOMINICANA;ADUANA SANTAMARÍA;Calcio expresado (CaO) / Nitrógeno Total expresado (N) / Potasio expresado (K2O) /
8116785;31/1/2025 13:57;Fertilizantes;8980;Bulitem Ciclo Corto;6;LITROS;6;85,05;Exportación;WOLVERAGRO SRL;INROSUR SOCIEDAD DE RESPONSABILIDAD LIMITADA;COSTA RICA;REPÚBLICA DOMINICANA;ADUANA SANTAMARÍA;Ácido Algínico / Fósforo expresado (P2O5) / Manitol / Nitrógeno Total expresado (N) / Potasio expresado (K2O) / Extracto de algas (Ascophyllum Nodosum) /
8116785;31/1/2025 13:57;Fertilizantes;9020;Kakun;6;LITROS;6;85,05;Exportación;WOLVERAGRO SRL;INROSUR SOCIEDAD DE RESPONSABILIDAD LIMITADA;COSTA RICA;REPÚBLICA DOMINICANA;ADUANA SANTAMARÍA;Nitrógeno Total expresado (N) / Potasio expresado (K2O) /
8116785;31/1/2025 13:57;Fertilizantes;8986;Aminomax N;6;LITROS;6;85,05;Exportación;WOLVERAGRO SRL;INROSUR SOCIEDAD DE RESPONSABILIDAD LIMITADA;COSTA RICA;REPÚBLICA DOMINICANA;ADUANA SANTAMARÍA;Aminoácidos / Nitrógeno Total expresado (N) /
8116785;31/1/2025 13:57;Fertilizantes;9014;Kafom K;6;LITROS;6;85,05;Exportación;WOLVERAGRO SRL;INROSUR SOCIEDAD DE RESPONSABILIDAD LIMITADA;COSTA RICA;REPÚBLICA DOMINICANA;ADUANA SANTAMARÍA;Fósforo expresado (P2O5) / Potasio expresado (K2O) /
8116785;31/1/2025 13:57;Fertilizantes;9013;Stymulant Plus;6;LITROS;6;85,05;Exportación;WOLVERAGRO SRL;INROSUR SOCIEDAD DE RESPONSABILIDAD LIMITADA;COSTA RICA;REPÚBLICA DOMINICANA;ADUANA SANTAMARÍA;Ácido Algínico / Extracto de algas / Fósforo expresado (P2O5) / Manitol / Nitrógeno Total expresado (N) / Potasio expresado (K2O) /
8116785;31/1/2025 13:57;Fertilizantes;8988;Cupritem;6;LITROS;6;85,05;Exportación;WOLVERAGRO SRL;INROSUR SOCIEDAD DE RESPONSABILIDAD LIMITADA;COSTA RICA;REPÚBLICA DOMINICANA;ADUANA SANTAMARÍA;Cobre expresado (Cu) /
8116785;31/1/2025 13:57;Fertilizantes;9012;Etaboro;6;LITROS;6;85,05;Exportación;WOLVERAGRO SRL;INROSUR SOCIEDAD DE RESPONSABILIDAD LIMITADA;COSTA RICA;REPÚBLICA DOMINICANA;ADUANA SANTAMARÍA;Boro expresado (B) /
8116785;31/1/2025 13:57;Fertilizantes;9011;Meristem Mg L;6;LITROS;6;85,05;Exportación;WOLVERAGRO SRL;INROSUR SOCIEDAD DE RESPONSABILIDAD LIMITADA;COSTA RICA;REPÚBLICA DOMINICANA;ADUANA SANTAMARÍA;Magnesio expresado (MgO) / Nitrógeno Total expresado (N) /
8116785;31/1/2025 13:57;Fertilizantes;9018;Humibest;15;KILOGRAMOS;15;95,15;Exportación;WOLVERAGRO SRL;INROSUR SOCIEDAD DE RESPONSABILIDAD LIMITADA;COSTA RICA;REPÚBLICA DOMINICANA;ADUANA SANTAMARÍA;Extracto Húmico / Potasio expresado (K2O) /
8116785;31/1/2025 13:57;Fertilizantes;9001;Endoquel;3;KILOGRAMOS;3;84,55;Exportación;WOLVERAGRO SRL;INROSUR SOCIEDAD DE RESPONSABILIDAD LIMITADA;COSTA RICA;REPÚBLICA DOMINICANA;ADUANA SANTAMARÍA;Boro expresado (B) / Cobre expresado (Cu) / Hierro expresado (Fe) / Manganeso expresado (Mn) / Molibdeno expresado (Mo) / Zinc expresado (Zn) /
8116785;31/1/2025 13:57;Fertilizantes;8978;Molibor Extra;4;KILOGRAMOS;4;86,06;Exportación;WOLVERAGRO SRL;INROSUR SOCIEDAD DE RESPONSABILIDAD LIMITADA;COSTA RICA;REPÚBLICA DOMINICANA;ADUANA SANTAMARÍA;Boro expresado (B) / Molibdeno expresado (Mo) /
8116785;31/1/2025 13:57;Fertilizantes;8977;Vigortem S;4;KILOGRAMOS;4;86,06;Exportación;WOLVERAGRO SRL;INROSUR SOCIEDAD DE RESPONSABILIDAD LIMITADA;COSTA RICA;REPÚBLICA DOMINICANA;ADUANA SANTAMARÍA;Fósforo expresado (P2O5) / Nitrógeno Total expresado (N) / Potasio expresado (K2O) / Extracto de ácidos húmicos /
8116785;31/1/2025 13:57;Fertilizantes;9029;Stymulant Forte;2;KILOGRAMOS;2;82,02;Exportación;WOLVERAGRO SRL;INROSUR SOCIEDAD DE RESPONSABILIDAD LIMITADA;COSTA RICA;REPÚBLICA DOMINICANA;ADUANA SANTAMARÍA;Ácido Algínico / Manitol / Potasio expresado (K2O) /
8116864;27/1/2025 11:13;Fertilizantes;5061;AGRIOIL 98 SL;45000;LITROS;45000;100000;Exportación;CYTOPERU SAC;AMVAC DE COSTA RICA SRL;COSTA RICA;PERÚ;ADUANA DE CALDERA;Azufre expresado (S) / Boro expresado (B) / Cobre expresado (Cu) / Fósforo expresado (P2O5) / Hierro expresado (Fe) / Magnesio expresado (MgO) / Manganeso expresado (Mn) / Molibdeno expresado (Mo) / Nitrógeno Total expresado (N) / Potasio expresado (K2O) / Zinc expresado (Zn) /
8117137;28/1/2025 12:16;Fertilizantes;8142;Colono Fertil KCL 0-0-60, Reg Panama #7955,Reg CR #8142;30000;KILOGRAMOS;30000;12510;Exportación;Agro Pro Panamá S.A;El Colono Agropecuario SA;COSTA RICA;PANAMÁ;ADUANA DE PASO CANOAS;Potasio expresado (K2O) /
8117139;28/1/2025 13:50;Fertilizantes;8142;Colono Fertil KCL 0-0-60, Reg Panama #7955,Reg CR #8142;30000;KILOGRAMOS;30000;12510;Exportación;Agro Pro Panamá S.A;El Colono Agropecuario SA;COSTA RICA;PANAMÁ;ADUANA DE PASO CANOAS;Potasio expresado (K2O) /
8117140;28/1/2025 13:59;Fertilizantes;8142;Colono Fertil KCL 0-0-60, Reg Panama #7955,Reg CR #8142;30000;KILOGRAMOS;30000;12510;Exportación;Agro Pro Panamá S.A;El Colono Agropecuario SA;COSTA RICA;PANAMÁ;ADUANA DE PASO CANOAS;Potasio expresado (K2O) /
8117141;28/1/2025 14:03;Fertilizantes;8142;Colono Fertil KCL 0-0-60, Reg Panama #7955,Reg CR #8142;30000;KILOGRAMOS;30000;12510;Exportación;Agro Pro Panamá S.A;El Colono Agropecuario SA;COSTA RICA;PANAMÁ;ADUANA DE PASO CANOAS;Potasio expresado (K2O) /
8119440;27/1/2025 10:07;Fertilizantes;2086;Biovit;500;LITROS;500;2965;Exportación;UPL NICARAGUA S. A.;UPL COSTA RICA SA;COSTA RICA;NICARAGUA;ADUANA DE PEÑAS BLANCAS;Aminoácidos /
8119440;27/1/2025 10:07;Fertilizantes;2086;Biovit;1200;LITROS;1200;3624;Exportación;UPL NICARAGUA S. A.;UPL COSTA RICA SA;COSTA RICA;NICARAGUA;ADUANA DE PEÑAS BLANCAS;Aminoácidos /
8119743;24/1/2025 15:22;Fertilizantes;6403;SUR CARBONATO DE CALCIO 170;27044;KILOGRAMOS;27044;1701;Exportación;GSQ NICARAGUA SOCIEDAD ANONIMA;SUR QUIMICA SOCIEDAD ANONIMA;COSTA RICA;NICARAGUA;ADUANA DE PEÑAS BLANCAS;Carbonato de Calcio expresado (CaCO3) /
8119744;24/1/2025 16:45;Fertilizantes;6403;SUR CARBONATO DE CALCIO 170;27000;KILOGRAMOS;27000;1701;Exportación;GSQ NICARAGUA SOCIEDAD ANONIMA;SUR QUIMICA SOCIEDAD ANONIMA;COSTA RICA;NICARAGUA;ADUANA DE PEÑAS BLANCAS;Carbonato de Calcio expresado (CaCO3) /
8119747;24/1/2025 16:51;Fertilizantes;6403;SUR CARBONATO DE CALCIO 170;27000;KILOGRAMOS;27000;1701;Exportación;GSQ NICARAGUA SOCIEDAD ANONIMA;SUR QUIMICA SOCIEDAD ANONIMA;COSTA RICA;NICARAGUA;ADUANA DE PEÑAS BLANCAS;Carbonato de Calcio expresado (CaCO3) /
8119749;24/1/2025 16:54;Fertilizantes;6403;SUR CARBONATO DE CALCIO 170;27000;KILOGRAMOS;27000;1701;Exportación;GSQ NICARAGUA SOCIEDAD ANONIMA;SUR QUIMICA SOCIEDAD ANONIMA;COSTA RICA;NICARAGUA;ADUANA DE PEÑAS BLANCAS;Carbonato de Calcio expresado (CaCO3) /
8119750;24/1/2025 17:00;Fertilizantes;6403;SUR CARBONATO DE CALCIO 170;27000;KILOGRAMOS;27000;1701;Exportación;GSQ NICARAGUA SOCIEDAD ANONIMA;SUR QUIMICA SOCIEDAD ANONIMA;COSTA RICA;NICARAGUA;ADUANA DE PEÑAS BLANCAS;Carbonato de Calcio expresado (CaCO3) /
8119775;24/1/2025 17:03;Fertilizantes;6403;SUR CARBONATO DE CALCIO 170;27000;KILOGRAMOS;27000;1701;Exportación;GSQ NICARAGUA SOCIEDAD ANONIMA;SUR QUIMICA SOCIEDAD ANONIMA;COSTA RICA;NICARAGUA;ADUANA DE PEÑAS BLANCAS;Carbonato de Calcio expresado (CaCO3) /
8119842;28/1/2025 10:30;Fertilizantes;6403;SUR CARBONATO DE CALCIO 170;27000;KILOGRAMOS;27000;1701;Exportación;GSQ NICARAGUA SOCIEDAD ANONIMA;SUR QUIMICA SOCIEDAD ANONIMA;COSTA RICA;NICARAGUA;ADUANA DE PEÑAS BLANCAS;Carbonato de Calcio expresado (CaCO3) /
8119845;28/1/2025 11:02;Fertilizantes;6403;SUR CARBONATO DE CALCIO 170;27000;KILOGRAMOS;27000;1701;Exportación;GSQ NICARAGUA SOCIEDAD ANONIMA;SUR QUIMICA SOCIEDAD ANONIMA;COSTA RICA;NICARAGUA;ADUANA DE PEÑAS BLANCAS;Carbonato de Calcio expresado (CaCO3) /
8119857;28/1/2025 13:43;Fertilizantes;6403;SUR CARBONATO DE CALCIO 170;27000;KILOGRAMOS;27000;1701;Exportación;GSQ NICARAGUA SOCIEDAD ANONIMA;SUR QUIMICA SOCIEDAD ANONIMA;COSTA RICA;NICARAGUA;ADUANA DE PEÑAS BLANCAS;Carbonato de Calcio expresado (CaCO3) /
8119858;28/1/2025 13:50;Fertilizantes;6403;SUR CARBONATO DE CALCIO 170;27000;KILOGRAMOS;27000;1701;Exportación;GSQ NICARAGUA SOCIEDAD ANONIMA;SUR QUIMICA SOCIEDAD ANONIMA;COSTA RICA;NICARAGUA;ADUANA DE PEÑAS BLANCAS;Carbonato de Calcio expresado (CaCO3) /
8119888;29/1/2025 9:53;Fertilizantes;6403;SUR CARBONATO DE CALCIO 170;24000;KILOGRAMOS;24000;1680;Exportación;DISTRIBUIDORA GSQ PANAMA S.A;SUR QUIMICA SOCIEDAD ANONIMA;COSTA RICA;PANAMÁ;ADUANA DE PASO CANOAS;Carbonato de Calcio expresado (CaCO3) /
8119915;29/1/2025 15:36;Fertilizantes;6403;SUR CARBONATO DE CALCIO 170;27000;KILOGRAMOS;27000;1701;Exportación;GSQ NICARAGUA SOCIEDAD ANONIMA;SUR QUIMICA SOCIEDAD ANONIMA;COSTA RICA;NICARAGUA;ADUANA DE PEÑAS BLANCAS;Carbonato de Calcio expresado (CaCO3) /
8119935;30/1/2025 8:09;Fertilizantes;6403;SUR CARBONATO DE CALCIO 170;27000;KILOGRAMOS;27000;1701;Exportación;GSQ NICARAGUA SOCIEDAD ANONIMA;SUR QUIMICA SOCIEDAD ANONIMA;COSTA RICA;NICARAGUA;ADUANA DE PEÑAS BLANCAS;Carbonato de Calcio expresado (CaCO3) /
8119938;30/1/2025 9:15;Fertilizantes;6403;SUR CARBONATO DE CALCIO 170;27000;KILOGRAMOS;27000;1701;Exportación;GSQ NICARAGUA SOCIEDAD ANONIMA;SUR QUIMICA SOCIEDAD ANONIMA;COSTA RICA;NICARAGUA;ADUANA DE PEÑAS BLANCAS;Carbonato de Calcio expresado (CaCO3) /
8119940;30/1/2025 9:31;Fertilizantes;6403;SUR CARBONATO DE CALCIO 170;27000;KILOGRAMOS;27000;1701;Exportación;GSQ NICARAGUA SOCIEDAD ANONIMA;SUR QUIMICA SOCIEDAD ANONIMA;COSTA RICA;NICARAGUA;ADUANA DE PEÑAS BLANCAS;Carbonato de Calcio expresado (CaCO3) /
8122602;27/1/2025 15:41;Fertilizantes;10144;PROTECTOR SOLAR PHOTON;24000;LITROS;24000;143920;Exportación;2824- PUNTO VERDE SA;AMVAC DE COSTA RICA SRL;COSTA RICA;SIERRA LEONA;ADUANA DE LIMÓN;Silicio expresado (SiO2) / Zinc expresado (Zn) /
8123771;29/1/2025 18:36;Fertilizantes;3259;YARALIVA NITRABOR;23985;KILOGRAMOS;23985;14550,9;Exportación;ALDEAZON SOCIEDAD ANONIMA;YARA COSTA RICA SOCIEDAD DE RESPONSABILIDAD LIMITADA;NORUEGA;NICARAGUA;ADUANA DE PEÑAS BLANCAS;Boro expresado (B) / Calcio expresado (CaO) / Nitrógeno Total expresado (N) /
8123785;30/1/2025 9:38;Fertilizantes;3210;YaraBela Nitromag;13500;KILOGRAMOS;13500;8010;Exportación;AGRO PRO PANAMA SA;YARA COSTA RICA SOCIEDAD DE RESPONSABILIDAD LIMITADA;HOLANDA (PAISES BAJOS);PANAMÁ;ADUANA DE PASO CANOAS;Calcio expresado (CaO) / Magnesio expresado (MgO) / Nitrógeno Total expresado (N) /
8123785;30/1/2025 9:38;Fertilizantes;7633;YARAMILA RAFOS UKI;13500;KILOGRAMOS;13500;11235;Exportación;AGRO PRO PANAMA SA;YARA COSTA RICA SOCIEDAD DE RESPONSABILIDAD LIMITADA;FINLADIA;PANAMÁ;ADUANA DE PASO CANOAS;Azufre expresado (S) / Fósforo expresado (P2O5) / Hierro expresado (Fe) / Magnesio expresado (MgO) / Nitrógeno Total expresado (N) / Potasio expresado (K2O) / Zinc expresado (Zn) /
8123796;30/1/2025 11:32;Fertilizantes;EX 11641;Pelicano 16,8-0-24+2,5MgO+2S;30000;KILOGRAMOS;30000;13698,9;Exportación;CHIQUITA PANAMA L.L.C;ABONOS DEL PACIFICO SOCIEDAD ANONIMA;COSTA RICA;PANAMÁ;PUESTO SIXAOLA;Azufre expresado (S) / Magnesio expresado (MgO) / Nitrógeno Total expresado (N) / Potasio expresado (K2O) /
8123800;30/1/2025 11:44;Fertilizantes;EX 11641;Pelicano 16,8-0-24+2,5MgO+2S;30000;KILOGRAMOS;30000;13698,9;Exportación;CHIQUITA PANAMA L.L.C;ABONOS DEL PACIFICO SOCIEDAD ANONIMA;COSTA RICA;PANAMÁ;PUESTO SIXAOLA;Azufre expresado (S) / Magnesio expresado (MgO) / Nitrógeno Total expresado (N) / Potasio expresado (K2O) /
8123801;30/1/2025 11:49;Fertilizantes;EX 11641;Pelicano 16,8-0-24+2,5MgO+2S;30000;KILOGRAMOS;30000;13698,9;Exportación;CHIQUITA PANAMA L.L.C;ABONOS DEL PACIFICO SOCIEDAD ANONIMA;COSTA RICA;PANAMÁ;PUESTO SIXAOLA;Azufre expresado (S) / Magnesio expresado (MgO) / Nitrógeno Total expresado (N) / Potasio expresado (K2O) /
8123807;30/1/2025 12:05;Fertilizantes;EX 11641;Pelicano 16,8-0-24+2,5MgO+2S;30000;KILOGRAMOS;30000;13698,9;Exportación;CHIQUITA PANAMA L.L.C;ABONOS DEL PACIFICO SOCIEDAD ANONIMA;COSTA RICA;PANAMÁ;PUESTO SIXAOLA;Azufre expresado (S) / Magnesio expresado (MgO) / Nitrógeno Total expresado (N) / Potasio expresado (K2O) /
8123808;30/1/2025 12:11;Fertilizantes;EX 11641;Pelicano 16,8-0-24+2,5MgO+2S;29150;KILOGRAMOS;29150;13310,75;Exportación;CHIQUITA PANAMA L.L.C;ABONOS DEL PACIFICO SOCIEDAD ANONIMA;COSTA RICA;PANAMÁ;PUESTO SIXAOLA;Azufre expresado (S) / Magnesio expresado (MgO) / Nitrógeno Total expresado (N) / Potasio expresado (K2O) /
8124456;30/1/2025 10:36;Fertilizantes;5261;AGRIOIL 98 SL;40000;LITROS;40000;50000;Exportación;2827-AMVAC LATAM S DE RL;AMVAC DE COSTA RICA SRL;COSTA RICA;REPÚBLICA DOMINICANA;ADUANA DE LIMÓN;Dióxido de Silicio / Potasio expresado (K2O) /
8124457;30/1/2025 22:34;Fertilizantes;5061;AGRIOIL 98 SL;13520;LITROS;13520;26400;Exportación;2828/CYTOPERU SAC / CYTOPERU SAC;AMVAC DE COSTA RICA SRL;COSTA RICA;PERÚ;ADUANA DE CALDERA;Azufre expresado (S) / Boro expresado (B) / Cobre expresado (Cu) / Fósforo expresado (P2O5) / Hierro expresado (Fe) / Magnesio expresado (MgO) / Manganeso expresado (Mn) / Molibdeno expresado (Mo) / Nitrógeno Total expresado (N) / Potasio expresado (K2O) / Zinc expresado (Zn) /
